번호,한정,패스 갯수,가격,캐릭터 목록
'7-16,18,10,25,【수기사 수미카 리오 드히나 임시노 쿠로코 수나코 미카 수시노 와카모 수이아 수스미 수요리 수우이 나기사 수즈사 수즈나 바네루】 / 뉴요코 슌 체리노 나츠 네루 노아 라로코 루미 마키 메구 메리스 모에 미도리 미모리 미사키 미유 바스나 사복사야 사키 수노미 수모에 수부키 수이미 스미레 시로코 아루 아리스 아츠코 에이미 온구레 온도카 온리노 유즈 응토리 이로하 이오리 이즈나 이즈미 츠루기 카린 카스미 캠마키 코유키 코하루 키쿄 하루나 호시노 히나 히비키 히요리
'7-9,19,9,21,【수기사 리오 드히나 임시노 쿠로코 수나코 미카 수시노 와카모 히카리 세이아 교스나 수요리 싸오리 드아코 수히나 수오리 바카린 수즈나】 / 수로코 아코 히마리 뉴요코 우이 슌 체리노 네루 뉴리카 레이사 레이죠 루미 마리나 마시로 미네 미노리 미도리 바카네 사복사야 사야 사쿠라코 사키 수노미 수사키 수야코 수이미 수카리 수키쿄 수후미 스미레 시로코 아루 아리스 아즈사 어린슌 에이미 온도카 온리노 우미카 운루나 유즈 응타하 응토리 이로하 이오리 이즈미 츠쿠요 카린 카호 크나에 파우카 하루나 히비키 히요리 히후미
'16-11,17,9,19,【수기사 리오 드히나 임시노 쿠로코 수시노 와카모 수이아 수스미 수나코 미카 세이아 교스나 드아코 뉴츠키 수즈사 바카린】 / 코코나 아코 우이 체리노 히나타 가바키 나구사 네루 뉴루카 뉴리카 뉴카리 니야 레이사 레이죠 마키 메리스 모에 미모리 미야코 바스나 수모리 수이미 수카모 수후미 시로코 아주리 아즈사 아츠코 에이미 유즈 응타하 이오리 이즈나 이치카 츠루기 츠쿠요 치모에 치히로 카린 카에데 칸나 캠타마 크리나 하루나 호시노 히나 히비키 히후미
'26-28,17,9,19,【수기사 리오 교네루 드히나 임시노 쿠로코 수나코 수시노 와카모 수이아 수요리 드아코 수우이 수나타 수즈나 수치세】 / 캠하레 드아루 코코나 아코 슌 히나타 나츠 네루 렌게 루미 마리나 마시로 메루 메모이 모에 미야코 미유 바스나 바카네 사야 사오리 사키 수리카 수모리 수부키 수사키 수카모 스미레 시구레 아루 어린슌 에이미 온리노 운루나 응타하 이로하 이오리 이즈나 츠루기 카에데 카즈사 카호 키쿄 하루나 호시노 히비키 히요리 히후미
'18-3,17,9,20,【수기사 교네루 드히나 임시노 쿠로코 수나코 미카 수시노 와카모 수이아 수스미 수요리 싸오리 드아코 수즈사 수즈나】 / 키사키 코코나 아코 히마리 뉴요코 우이 슌 체리노 히나타 가바키 나츠 네루 라로코 레이 렌게 마시로 마키 메구 메리스 메모이 미도리 미모리 미야코 미유 바스나 사복사야 사오리 사츠키 수사키 수카모 수키쿄 스미레 아루 아리스 아즈사 아츠코 온나츠 온도카 온리노 운루나 유카리 응타하 이로하 이오리 이즈나 이즈미 츠루기 치히로 카린 히나 히후미
'11-4,17,9,19,【수기사 수미카 리오 드히나 임시노 수나코 와카모 수이아 미카 수시노 세이아 수요리 드아코 운유카 수즈나 수치세 뉴츠키】 / 드아루 코코나 뉴요코 체리노 히나타 가츠키 나츠 네루 노아 뉴카리 렌게 루미 마시로 마키 메구 메루 메모이 모에 미나 미모리 미야코 바토키 사야 사오리 세나 수노미 수부키 수사키 수야코 수이미 수카모 스미레 시로코 아즈사 에이미 온도카 온리노 유즈 이로하 이오리 이즈나 이즈미 츠루기 츠쿠요 치모에 카린 카즈사 칸나 캠타마 코유키 코하루 키쿄 파노아 파우카 호시노 히비키 히후미
'15-15,16,9,18,【수기사 수미카 드히나 임시노 쿠로코 수나코 미카 수시노 와카모 수이아 세이아 교스나 드아코 수우이 수나타 수즈나】 / 수로코 코코나 히마리 뉴요코 우이 슌 체리노 히나타 나츠 네루 뉴카리 라로코 마시로 마키 메리스 모에 미나 미노리 미도리 미모리 미야코 미유 바스나 사야 사키 세나 수노미 수모에 수카모 수키쿄 수후미 시구레 시로코 아루 아즈사 아츠코 온나츠 온리노 운루나 유즈 응타하 응토리 이로하 이오리 이즈나 이즈미 츠쿠요 치히로 카린 카즈사 코유키 코하루 크나에 하루나 호시노 히나 히비키 히후미
'24-16,15,9,17,【수기사 수미카 교네루 드히나 임시노 쿠로코 미카 수시노 와카모 수이아 히카리 드아코 마코토 수우이 수즈나】 / 키사키 아코 뉴요코 우이 가바키 네루 드요코 라로코 마시로 미네 미노리 미도리 미사키 미유 사복사야 사복세나 사키 세나 수노미 수모에 수야코 수카모 수후미 시로코 아루 에이미 온나츠 온도카 이로하 이오리 이즈나 츠루기 츠쿠요 치아키 카린 카스미 카즈사 카호 크나에 키쿄 하루나 호시노 히나 히요리 히후미
'24-20,14,9,17,【수기사 리오 교네루 드히나 쿠로코 수나코 미카 수시노 와카모 세이아 수요리 싸오리 수우이】 / 수로코 아코 우이 슌 체리노 가바키 나츠 네루 노아 뉴카리 레이사 루미 마키 메구 미모리 미사키 바스나 바토키 수노미 수부키 수이미 수후미 스미레 시로코 아즈사 아츠코 온도카 온리노 이로하 이즈나 이치카 츠루기 치히로 카즈사 카호 크리나 하루나 호시노 히비키(+ 히요리 히후미 )
'25-13,14,9,16,【수기사 수미카 리오 드히나 임시노 수나코 미카 와카모 쿠로코 드히나 드아코 나기사 수즈나 수즈사】 / 수로코 코코나 뉴요코 히나타 노아 뉴루카 뉴리카 라로코 렌게 마시로 마키 메모이 모에 미네 미도리 미유 바토키 사야 세나 수모리 스미레 시로코 아루 아즈사 에이미 온도카 온리노 운루나 응타하 응토리 이로하 이즈미 츠루기 카린 카스미 카에데 카호 캠타마 코유키 코하루 키라라 키쿄 하루나 호시노 히비키 히후미
'26-13,13,9,16,【수기사 수미카 리오 교네루 드히나 임시노 와카모 수이아 수시노 미카 수요리 싸오리 뉴츠키】 / 코코나 아코 히마리 뉴요코 슌 체리노 히나타 뉴리카 드오리 레이사 마리나 마키 메리스 미나 미모리 미사키 미야코 사복사야 사오리 사키 수노미 수부키 수사키 수카모 스미레 시구레 시로코 아루 아리스 아즈사 어린슌 온도카 유즈 응타하 이로하 이오리 이치카 츠루기 치리나 카에데 카호 캠타마 코하루 크리나 히나 히비키 히요리 히후미
'18-13,12,9,16,【수기사 리오 교네루 드히나 임시노 쿠로코 미카 수시노 와카모 드아코 수우이 수나타】 / 드아루 아코 히마리 우이 슌 체리노 가피나 네루 노아 뉴리카 라로코 레이사 마리나 마시로 마키 모에 미나 미네 미도리 미유 바토키 사야 사오리 세나 수카모 수후미 아리스 아즈사 아츠코 에이미 온구레 온나츠 온도카 온리노 유즈 이로하 이즈나 이즈미 츠쿠요 치히로 카즈사 카호 칸나 코유키 키쿄 하루나 호시노 히나 히비키 히후미
'21-10,20,8,19,【수기사 수미카 드히나 임시노 수나코 와카모 수이아 미카 수시노 히카리 세이아 수요리 드아코 미사카미코토 마코토 수우이 수즈나 바카린 수즈사 수시로】 / 아코 우이 슌 네루 뉴리카 라로코 루미 마리나 마키 메도리 메루 모에 미나 미야코 미유 바카네 사오리 세나 수노미 수리카 수모에 수이미 아루 아리스 어린슌 에이미 온구레 유카리 응타하 이로하 이오리 이즈나 이즈미 츠루기 치히로 카린 카스미 카즈사 칸나 호시노 히요리 히후미
'21-4,18,8,19,【리오 교네루 임시노 쿠로코 드히나 수시노 와카모 수이아 미카 세이아 수요리 드아코 수우이 뉴후카 뉴츠키 수즈나 수즈사 수시로】 / 수로코 코코나 히마리 슌 네루 드오리 드요쿄 라로코 레이죠 루미 마시로 마키 미나 미도리 미사키 미유 바카네 밴나츠 사복사야 사야 사오리 세나 수노미 수모리 수모에 수야코 수카모 수후미 스미레 아루 아리스 어린슌 에이미 온구레 온도카 운루나 이치카 치히로 칸나 코하루 크나에 크리나 파우카 하루나 호시노 히나 히비키
'20-1,19,8,20,【수기사 수미카 리오 교네루 드히나 임시노 수시노 와카모 수이아 수스미 세이아 교스나 수우이 수즈나 운유카 바네루 바카린 수즈사 수시로】 / 키사키 아코 뉴요코 우이 슌 나츠 뉴리카 라로코 레이사 메도리 메루 미나 미도리 미사키 바스나 바토키 밴나츠 사야 사오리 사쿠라코 수모리 수사키 수야코 시로코 아리스 아즈사 어린슌 에이미 온나츠 온도카 온리노 이로하 이오리 이즈나 이즈미 츠루기 치아키 카에데 칸나 코유키 코하루 크나에 호시노 히나 히요리 히후미
'20-18,18,8,18,【수기사 수미카 리오 드히나 수나코 미카 수시노 와카모 수이아 수요리 나기사 뉴츠키 수즈사 수시로 수히나 수즈나 바카린 바네루】 / 코코나 뉴요코 우이 슌 체리노 히나타 나츠 뉴카리 드요코 라로코 레이사 레이죠 렌게 마리나 메루 미도리 미사키 미유 바스나 바카네 사복사야 사오리 세나 수노미 수모리 수모에 수부키 수이미 수후미 스미레 시구레 시로코 아루 어린슌 에이미 온나츠 온도카 온리노유즈 유카리 응타하 응토리 이로하 이즈나 이즈미 치히로 카즈사 코유키 크리나 호시노 히비키 히요리 히후미
'5-13,17,8,17,【수기사 수미카 임시노 쿠로코 수나코 미카 수시노 와카모 수이아 수요리 싸오리 드아코 마코토 미사카미코토 수우이 운유카 수즈나】 / 수로코 아코 히마리 뉴요코 우이 슌 체리노 히나타 나츠 네루 노아 뉴리카 드요코 라로코 마리나 마시로 미도리 미모리 바카네 바토키 사복사야 사야 사키 수모리 수부키 수사키 수야코 수카리 수키쿄 시구레 시로코 아루 아리스 아즈사 어린슌 에이미 온도카 온리노 유즈 유카리 응타하 이로하 이오리 이즈나 이즈미 츠루기 치히로 카린 카즈사 칸나 캠타마 코하루 하루나 호시노 히나 히비키 히요리
'21-29,16,8,16,【리오 교네루 드히나 임시노 미카 와카모 수나코 수시노 세이아 교스나 수요리 드아코 마코토 수즈나 수치세 수즈사】 / 아코 뉴요코 우이 체리노 나츠 라로코 레이사 루미 마리나 마키 메구 모에 미네 미노리 미도리 미사키 미야코 미유 바카네 바토키 사야 사오리 사쿠라코 사키 세나 수사키 수후미 스미레 시로코 아리스 아즈사 아츠코 어린슌 에이미 온리노 운루나 유즈 유카리 이로하 이오리 이즈나 이즈미 츠루기 츠쿠요 치히로 카호 크리나 하루나 히나 히비키
'16-16,16,8,17,【수기사 리오 드히나 임시노 수나코 미카 수시노 와카모 수이아 세이아 수요리 수우이 운유카 수즈나 수즈사 수치세】 / 키사키 아코 슌 체리노 뉴루카 뉴리카 라로코 레이사 루미 마리나 마키 메리스 메모이 모에 미네 미모리 미야코 미유 바스나 사복사야 사츠키 사키 세나 수카모 수후미 스미레 시로코 아루 아즈사 아츠코 온구레 온도카 유즈 응타하 이로하 이즈나 이즈미 츠루기 츠쿠요 치히로 카린 카에데 카즈사 카호 칸나 파노아 파우카 호시노 히비키 히요리 히후미
'20-28,16,8,17,【수기사 수미카 리오 임시노 수나코 미카 수시노 와카모 수이아 세이아 뉴스나 드아코 마코토 뉴츠키 수즈사 수히나】 / 키사키 수로코 아코 뉴요코 슌 체리노 네루 노아 뉴리카 라로코 마키 모에 미노리 미도리 미모리 미사키 바스나 바카네 사복사야 사야 사츠키 사키 세나 수노미 수모리 스미레 아츠코 어린슌 에이미 온리노 우미카 유카리 응타하 이로하 이오리 이즈나 치히로 카에데 카즈사 카호 칸나 코유키 파우카 호시노 히나 히비키 히후미
'7-36,15,8,15,【수기사 교네루 드히나 임시노 수나코 미카 수시노 와카모 세이아 교스나 드아코 수우이 뉴츠키 수즈사】 / 캠하레 아코 뉴요코 우이 슌 네루 뉴리카 라로코 루미 마리나 마시로 마키 메구 미도리 미모리 미사키 미유 바스나 바토키 사복사야 사키 수노미 수부키 수야코 수카리 수카모 수후미 아루 아리스 아츠코 어린슌 온구레 온나츠 유즈 응타하 이노리 이로하 이오리 이즈나 이즈미 츠루기 츠쿠요 카린 카에데 크리나 하루나 히비키 히후미
'14-6,15,8,15,【수기사 드히나 임시노 쿠로코 수나코 미카 수시노 와카모 히카리 세이아 드아코 마코토 나기사 바카린】 / 수로코 코코나 히마리 우이 슌 체리노 히나타 네루 뉴카리 레이사 마시로 마키 메리스 미나 미네 미모리 미유 바스나 바토키 사복사야 사복세나 사야 사오리 세나 수노미 수사키 수야코 수이미 수카리 수카모 스미레 시구레 아루 아미레 아주리 어린슌 에이미 온도카 온리노 우미카 유즈 응타하 이오리 이즈나 이즈미 츠쿠요 치리나 치아키 카린 카에데 카즈사 카호 코하루 크나에 크리나 키쿄 하루나 히비키 히후미
'16-19,15,8,14,【수기사 수미카 드히나 임시노 쿠로코 수나코 수시노 와카모 수요리 드아코 마코토 미사카미코토 수우이 수시로 바카린】 / 캠하레 우이 히나타 네루 노아 뉴즈미 뉴카리 라로코 마시로 메루 미네 미노리 미도리 미모리 미사키 바스나 바토키 사복사야 사야 사오리 수모리 수키쿄 수후미 스미레 아루 아리스 아미레 아즈사 아츠코 에이미 온나츠 온도카 유즈 유카리 응타하 이로하 이오리 슌 이즈나 츠루기 츠쿠요 치리나 카린 카스미 카호 캠타마 코하루 크리나 하루나 히나 히비키 히요리
'19-19,15,8,14,【수미카 리오 교네루 드히나 임시노 미카 수시노 와카모 수이아 미사카미코토 수즈나 뉴츠키 수즈사 수히나】 / 우이 히나타 가피나 네루 뉴리카 루미 마키 메루 미나 미도리 미사키 바토키 사복세나 사츠키 수후미 스미레 시구레 시로코 아루 아츠코 어린슌 온도카 우미카 운루나 응타하 응토리 이로하 이오리 슌 츠루기 치모에 치히로 카린 카에데 카즈사 칸나 코유키 코하루 크나에 파우카 하루나 히나 히비키 히후미
'13-31,14,8,15,【수기사 리오 교네루 드히나 수나코 미카 수시노 와카모 세이아 교스나 수요리 수우이 수즈사 수시로】 / 아코 히마리 뉴요코 우이 슌 체리노 히나타 수칸나 나츠 네루 뉴루카 뉴즈미 뉴카리 드요코 라로코 렌게 마리나 마시로 마키 메도리 메루 미나 미네 미도리 미사키 미유 바스나 바카네 사야 사오리 세나 수노미 수리카 수사키 수카모 수후미 스미레 시로코 아리스 아즈사 아츠코 어린슌 에이미 온도카 온리노 유즈 유카리 응타하 이로하 이오리 이즈미 츠쿠요 치히로 카린 카스미 칸나 캠타마 코하루 키라라 하루나 호시노 히나 히비키 히요리 히후미
'27-18,14,8,15,【수기사 리오 교네루 드히나 쿠로코 수나코 미카 수시노 수요리 수우이 나기사 수즈나 수치세 운유카】 / 히마리 뉴요코 우이 히나타 노아 드오리 마시로 메구 메루 모에 미나 미야코 세나 수부키 수카모 수후미 스미레 시구레 아루 아리스 아츠코 온구레 온나츠 온도카 온리노 유즈 응타하 응토리 이오리 이즈나 츠루기 카에데 카즈사 캠타마 크나에 하루나 히비키 히후미
'6-8,14,8,15,【수기사 드히나 임시노 쿠로코 수나코 미카 수시노 와카모 수이아 수요리 수나타 수즈사 수치세 바카린】 / 키사키 히마리 우이 슌 네루 뉴루카 뉴리카 뉴카리 드요코 라로코 렌게 마리나 마시로 모에 미노리 미모리 미사키 미유 바스나 바토키 사야 수모리 수모에 수이미 수후미 시로코 아리스 아즈사 아츠코 온리노 유즈 응타하 이로하 츠루기 츠쿠요 치히로 카린 코하루 크리나 키라라 키쿄 하루나 히나 히비키 히요리 히후미
'8-7,14,8,15,【리오 드히나 임시노 쿠로코 수나코 미카 수시노 와카모 수요리 수우이 수나타 수즈사 수시로】 / 드아루 히마리 우이 슌 체리노 히나타 나츠 네루 노아 뉴즈미 라로코 마리나 마시로 메도리 메리스 모에 미나 미네 미노리 미야코 미유 바스나 바카네 사복사야 사야 사키 수리카 수모리 수사키 수이미 스미레 아루 아즈사 에이미 온나츠 유즈 유카리 이로하 이오리 이즈나 이즈미 츠루기 츠쿠요 치아키 치히로 카에데 카호 칸나 크나에 하루나 히비키
'26-8,14,8,25,【수기사 리오 드히나 임시노 수나코 미카 수시노 와카모 수이아 수스미 수요리 드아코 마코토 수즈나】 / 드아루 히마리 우이 히나타 가바키 뉴루카 라로코 메구 메루 미도리 미모리 미야코 바스나 바카네 사야 사복세나 사쿠라코 사키 수노미 수리카 수이미 수카모 수후미 아즈사 아츠코 온나츠 유즈 유카리 이로하 이즈나 이즈미 이치카 츠쿠요 코유키 코하루 크나에 호시노 히비키
'13-2,14,8,15,【수기사 교네루 드히나 임시노 쿠로코 수나코 미카 와카모 수이아 드아코 미사카미코토 수즈사 수오리 수즈나】 / 코코나 아코 뉴요코 슌 히나타 수칸나 가피나 나츠 네루 노아 뉴리카 레이죠 렌게 마리나 마시로 메구 메모이 모에 미도리 미모리 미사키 바스나 사복사야 사쿠라코 사키 수노미 수야코 수카모 수후미 시구레 시로코 아루 아리스 아즈사 아츠코 어린슌 온나츠 온도카 운루나 유즈 이로하 이오리 이즈미 츠루기 치히로 카린 카즈사 카호 코하루 크리나 하루나 호시노 히후미
'15-5,13,8,16,【리오 교네루 드히나 임시노 쿠로코 미카 수시노 와카모 히카리 수요리 수시로 수즈나 수치세】 / 캠하레 코코나 아코 히마리 우이 슌 체리노 히나타 네루 노아 뉴카리 라로코 마시로 마키 메리스 모에 미나 미네 미도리 미모리 미야코 미유 바스나 사복사야 사복세나 사야 사쿠라코 사키 수노미 수야코 수카모 수후미 스미레 시로코 아루 아츠코 어린슌 에이미 온나츠 온도카 운루나 유즈 응토리 이로하 이오리 츠루기 카호 크나에 파노아 호시노 히비키 히요리 히후미
'17-8,13,8,14,【리오 교네루 드히나 임시노 수나코 미카 수시노 와카모 수이아 수스미 세이아 드아코 수즈사】 / 수로코 히마리 우이 슌 체리노 네루 루미 마키 메구 메리스 모에 미나 미노리 미도리 미야코 미유 바스나 사오리 사키 수노미 수모리 수카모 스미레 시구레 시로코 아루 아즈사 온구레 우미카 응타하 응토리 이오리 이즈나 이즈미 츠루기 츠쿠요 치히로 카린 카스미 카에데 캠타마 코유키 크리나 키쿄 하루나 호시노 히나 히비키 히요리 히후미
'23-9,13,8,14,【수기사 리오 드히나 임시노 수나코 미카 수시노 와카모 세이아 수요리 드아코 수즈나 수치세】 / 수로코 코코나 뉴요코 우이 슌 히나타 나츠 노아 뉴리카 뉴카리 라로코 루미 마시로 마키 미나 미네 미도리 미사키 미야코 미유 바카네 사야 세나 수리카 수모리 수카모 스미레 시구레 아루 아츠코 에이미 온리노 우미카 유즈 응타하 이로하 이즈나 카린 카에데 카즈사 카호 칸나 코유키 크나에 크리나 파노아 하루나 히비키 히요리
'14-10,13,8,15,【수기사 드히나 임시노 쿠로코 수나코 미카 수시노 와카모 수이아 세이아 수즈사 수우이 뉴아루】 / 코코나 아코 히마리 뉴요코 슌 체리노 나츠 네루 노아 뉴리카 레이사 루미 마리나 마시로 메리스 미네 미사키 미야코 미유 바스나 바카네 밴나츠 사복사야 사키 수노미 수부키 수카모 수후미 스미레 시로코 아리스 에이미 온도카 온리노 유즈 응타하 이오리 이즈나 츠쿠요 치히로 카린 카에데 크나에 호시노 히나 히비키 히후미
'25-21,13,8,14,【수기사 수미카 드히나 임시노 쿠로코 수나코 수시노 와카모 세이아 수요리 수우이 수나타 나기사】 / 아코 히마리 우이 슌 체리노 네루 노아 뉴루카 뉴리카 레이 레이죠 렌게 루미 마시로 마키 메루 메리스 메모이 미도리 미모리 미야코 미유 사오리 사키 세나 수노미 수사키 수키쿄 수후미 스미레 아루 아즈사 아츠코 에이미 이로하 이오리 이즈나 이즈미 츠루기 츠쿠요 카스미 카에데 카즈사 칸나 캠타마 코유키 하루나 호시노 히나
'27-5,13,8,15,【수기사 수미카 임시노 쿠로코 수나코 미카 수시노 와카모 수이아 세이아 수요리 드아코 수우이】 / 히마리 뉴요코 슌 히나타 나츠 노아 뉴리카 니야 라로코 레이사 렌게 마리나 마키 메구 미나 미도리 미모리 미유 바토키 사츠키 사쿠라코 사키 세나 수노미 수리카 수사키 수카모 시로코 아루 아리스 아즈사 어린슌 에이미 온구레 온나츠 우미카 이오리 이즈나 츠루기 츠쿠요 카에데 캠타마 코유키 코하루 크나에 키라라 하루나 히나 히비키 히요리 히후미
'27-4,12,8,15,【리오 교네루 드히나 쿠로코 수나코 미카 수시노 와카모 싸오리 미사카미코토 수우이 수즈나】 / 수로코 히마리 히나타 네루 라로코 레이죠 렌게 마리나 마시로 모에 미나 미네 미도리 미모리 미사키 미야코 바스나 바카네 사야 사쿠라코 수모리 수부키 수사키 수후미 아리스 아츠코 어린슌 온구레 온나츠 운루나 이로하 이즈나 이즈미 츠루기 츠쿠요 치히로 칸나 코유키 크나에 크리나 하루나 히나 히후미
'8-12,12,8,15,【수기사 리오 임시노 미카 수시노 와카모 수이아 드히나 수나코 세이아 뉴츠키 바카린】 / 키사키 캠하레 코코나 우이 슌 체리노 히나타 가바키 네루 뉴리카 뉴카리 라로코 레이 렌게 마리나 마키 메루 모에 미나 미네 미도리 미모리 미야코 바스나 수노미 수모리 수부키 수야코 수후미 스미레 아루 아리스 아즈사 아츠코 에이미 유즈 유카리 응타하 이로하 이오리 이즈나 이즈미 츠쿠요 치히로 카린 카즈사 코하루 호시노 히나 히비키 히후미
'18-8,12,8,15,【수기사 리오 교네루 드히나 임시노 수나코 미카 수시노 수이아 수스미 수즈나 바카린】 / 수로코 히마리 우이 나츠 뉴루카 드오리 라로코 레이죠 마리나 마시로 마키 메구 메도리 메루 메모이 미도리 미사키 미유 바스나 바카네 사복사야 사야 사오리 사쿠라코 사키 세나 수노미 수모리 수부키 수야코 스미레 시구레 시로코 아즈사 아츠코 어린슌 에이미 온나츠 온리노 운루나 유즈 유카리 응타하 이로하 이오리 이즈미 츠루기 츠쿠요 치히로 카린 카즈사 파노아 하루나 호시노 히나 히비키 히요리
'27-12,11,8,13,【리오 드히나 임시노 쿠로코 수나코 미카 수시노 와카모 수이아 드아코 마코토】 / 수로코 뉴요코 우이 히나타 수칸나 네루 뉴리카 렌게 루미 마리나 마시로 마키 메루 메모이 미노리 미유 사복사야 사오리 수노미 수모리 수부키 수카리 스미레 시구레 시로코 아리스 아츠코 어린슌 온도카 온리노 운루나 유즈 응타하 이로하 이오리 츠루기 츠쿠요 치리나 카에데 카즈사 크나에 크리나 키라라 키쿄 하루나 호시노 히나
'16-5,11,8,14,【수기사 리오 드히나 임시노 쿠로코 수나코 수시노 와카모 수요리 마코토 수즈나】 / 히마리 슌 체리노 가바키 노아 뉴루카 뉴리카 라로코 레이사 렌게 마리나 마키 메모이 모에 미네 미사키 미유 바카네 사복사야 사야 사키 세나 수사키 수야코 수후미 스미레 시구레 시로코 아루 아리스 아미레 아즈사 어린슌 에이미 온구레 온도카 유즈 이로하 이오리 이즈나 이즈미 츠루기 카린 카즈사 카호 칸나 코유키 크나에 크리나 키쿄 호시노 히나 히비키 히후미
'16-7,11,8,15,【수기사 리오 교네루 드히나 임시노 수나코 수시노 와카모 드아코 수우이 수즈나】 / 코코나 아코 히마리 우이 슌 히나타 수칸나 나츠 네루 마리나 마시로 마키 메구 메리스 메모이 미모리 미유 바카네 사야 사키 세나 수노미 수리카 수사키 시로코 시오리 아루 아리스 아즈사 온나츠 온리노 우미카 유즈 유카리 응타하 이로하 이즈미 츠쿠요 카린 카스미 카에데 카즈사 칸나 크나에 파우카 하루나 호시노 히비키
'27-9,11,8,15,【수기사 수미카 리오 드히나 임시노 미카 수시노 와카모 수우이 수치세 뉴츠키】 / 아코 히마리 뉴요코 우이 슌 나츠 노아 뉴리카 니야 렌게 루미 마리나 마키 미나 미노리 미도리 미야코 사복사야 사야 수모에 수후미 스미레 시로코 아루 아즈사 아츠코 어린슌 에이미 온나츠 온도카 온리노 유즈 유카리 응타하 응토리 이로하 이즈미 츠루기 치히로 카린 카스미 카즈사 칸나 캠타마 호시노 히비키 히요리 히후미
'27-1,10,8,14,【수기사 수미카 교네루 드히나 미카 와카모 수나코 수시노 드아코 수우이】 / 캠하레 아코 히마리 슌 가바키 뉴리카 마키 메구 메리스 미모리 바스나 사야 사쿠라코 수모에 수카모 시로코 시키 아루 아리스 아즈사 어린슌 온도카 운루나 이로하 이즈미 츠루기 츠쿠요 치아키 치히로 카린 카스미 카에데 카호 코하루 크나에 키쿄 하루나 히비키
'26-6,11,8,14,【리오 교네루 드히나 쿠로코 수나코 미카 수시노 와카모 뉴후카 세이아 수요리】 / 코코나 히마리 슌 가바키 나츠 네루 뉴카리 마리나 메구 메리스 메모이 미나 미네 미노리 미도리 미모리 미야코 바카네 사복사야 사쿠라코 사키 수노미 수모에 수야코 수이미 수카모 스미레 시구레 아루 아리스 에이미 온구레 이로하 이즈나 이즈미 츠쿠요 치히로 카린 카즈사 크나에 파노아 히나 히비키 히후미
'20-3,20,7,15,【수기사 리오 임시노 수나코 미카 수시노 와카모 수이아 수스미 히카리 드아코 마코토 수우이 운유카 수즈사 수히나 수시로】 / 키사키 드아루 아코 히마리 뉴요코 히나타 네루 뉴리카 루미 마리나 마키 미나 미도리 미모리 밴나츠 사복사야 스미레 시로코 아루 아리스 에이미 이오리 이즈나 츠쿠요 치히로 카린 카에데 카호 캠타마 코하루 키라라 히나 히후미
'12-2,19,7,15,【리오 드히나 임시노 수나코 미카 수시노 와카모 수이아 수스미 뉴후카 히카리 수요리 드아코 수우이 수나타 수즈나 체마리 운유카】 / 드아루 히마리 우이 슌 체리노 히나타 네루 렌게 메루 모에 미도리 미사키 미야코 미유 바스나 바카네 사복세나 사쿠라코 수노미 수부키 수야코 수이미 수카모 수후미 스미레 시구레 아루 아리스 아즈사 어린슌 에이미 온나츠 온도카 온리노 응타하 응토리 이로하 이오리 이즈나 츠루기 츠쿠요 치모에 카린 카스미 코하루 파우카 하루나 호시노 히나 히요리 히후미
'19-6,17,7,14,【수기사 드히나 임시노 수나코 미카 수시노 와카모 수이아 수스미 뉴후카 수우이 수나타 수즈사 뉴츠키 수즈나】 / 아코 우이 슌 체리노 나츠 뉴카리 라로코 루미 마시로 메구 메루 메리스 메모이 미네 미노리 미도리 미유 바스나 바토키 사야 사키 세나 수리카 수모에 수야코 수카모 수후미 스미레 시구레 시로코 아루 아주리 아즈사 어린슌 에이미 온구레 온도카 온리노 우미카 운루나 유즈 유카리 이로하 이오리 이즈미 츠루기 치리나 치아키 치히로 카호 칸나 코하루 크리나 호시노 히나 히비키 히요리
'19-15,16,7,15,【수기사 수미카 드히나 임시노 미카 수시노 와카모 뉴후카 드아코 미사카미코토 수우이 운유카 바카린 수즈나 수치세】 / 캠하레 코코나 히마리 뉴요코 우이 슌 체리노 수칸나 네루 노아 뉴루카 드요코 라로코 레이사 마리나 마시로 마키 메구 미나 미모리 미야코 사야 사오리 사쿠라코 수노미 수부키 수사키 수야코 수후미 시로코 아루 아즈사 아츠코 에이미 온나츠 온도카 온리노 우미카 운루나 유즈 응토리 이오리 이즈나 츠루기 카즈사 캠타마 크나에 크리나 호시노 히나 히비키 히후미
'17-23,16,7,15,【리오 드히나 임시노 쿠로코 수나코 수시노 와카모 히카리 세이아 교스나 수요리 수우이 나기사 뉴츠키 수즈사 수치세】 / 키사키 코코나 히마리 뉴요코 우이 슌 체리노 히나타 가바키 나츠 네루 뉴리카 뉴즈미 레이사 레이죠 마리나 마키 미네 미도리 미모리 사야 사오리 수노미 수모에 수후미 스미레 시구레 아루 아주리 아즈사 아츠코 어린슌 에이미 온나츠 온도카 온리노 유즈 유카리 응타하 이오리 이즈나 이즈미 츠루기 츠쿠요 치리나 치히로 카린 카스미 카에데 칸나 캠타마 크나에 크리나 하루나 호시노 히비키 히요리 히후미
'10-7,16,7,14,【리오 교네루 드히나 수시노 와카모 수나코 미카 세이아 히카리 뉴후카 수요리 드아코 수우이 운유카 뉴츠키 수시로】 / 드아루 코코나 아코 슌 체리노 가바키 네루 뉴루카 뉴리카 라로코 마키 메구 메리스 미나 미노리 미도리 바스나 사복사야 수노미 수야코 수이미 수후미 스미레 아루 아즈사 아츠코 어린슌 에이미 온구레 온나츠 온도카 온리노 응타하 응토리 이로하 이즈나 츠루기 츠쿠요 치아키 카린 캠타마 크나에 크리나 하루나 히비키 히요리 히후미
'10-24,16,7,15,【리오 교네루 드히나 임시노 미카 수시노 와카모 수이아 수스미 히카리 세이아 수요리 뉴츠키 바카린 수즈나】 / 캠하레 드아루 코코나 아코 우이 슌 나츠 네루 뉴루카 뉴카리 레이죠 마리나 마키 미네 미도리 미사키 미유 바스나 바카네 사복사야 사야 사오리 사키 세나 수노미 수리카 수야코 수카모 수후미 스미레 시구레 아리스 아츠코 에이미 온나츠 온도카 유즈 유카리 응타하 응토리 이로하 이오리 이즈미 이치카 츠루기 츠쿠요 치히로 카린 카에데 칸나 캠타마 코하루 크리나 파노아 하루나 호시노 히나 히비키 히요리 히후미
'20-2,16,7,15,【수기사 리오 드히나 임시노 미카 수시노 와카모 수이아 수스미 교스나 드아코 수즈나 수즈사 수히나 수시로】 / 수로코 코코나 아코 히마리 뉴요코 우이 체리노 히나타 나츠 네루 노아 뉴리카 라로코 레이사 렌게 메구 메도리 메리스 미네 미모리 미사키 바스나 바토키 사야 사쿠라코 사키 세나 수노미 수카모 시구레 시로코 아루 어린슌 에이미 유즈 응타하 응토리 이로하 이오리 이즈나 이즈미 츠루기 카린 카에데 카즈사 캠타마 하루나 호시노 히나 히후미
'1-5,16,7,16,【수미카 드히나 임시노 쿠로코 수나코 미카 와카모 수이아 세이아 교스나 수요리 드아코 마코토 수즈사 수즈나 수치세】 / 캠하레 아코 뉴요코 우이 네루 노아 뉴루카 뉴리카 니야 라로코 마시로 메도리 미네 미노리 미유 바카네 사복사야 사야 사오리 수리카 수이미 스미레 시구레 시로코 아루 아즈사 에이미 온도카 온리노 운루나 이오리 이즈나 이즈미 츠루기 치히로 카린 카에데 카즈사 카호 캠타마 코유키 코하루 크나에 크리나 파우카 하루나 호시노 히나 히비키 히요리
'9-9,15,7,15,【리오 교네루 드히나 임시노 수나코 미카 수시노 수이아 세이아 수요리 싸오리 수우이 수나타 운유카 수즈사】 / 키사키 수로코 히마리 우이 슌 체리노 수칸나 나츠 네루 뉴루카 뉴리카 루미 마리나 마시로 마키 메구 모에 미나 미모리 미유 사복세나 사오리 세나 세이나 수사키 수야코 수후미 시로코 아루 아즈사 아츠코 에이미 온나츠 온리노 유즈 유카리 이로하 이오리 츠루기 츠쿠요 치리나 치히로 카린 카에데 칸나 캠타마 크나에 파우카 하루나 호시노 히나 히비키 히후미
'12-23,15,7,14,【리오 교네루 드히나 임시노 수나코 미카 수시노 수요리 드아코 수우이 뉴츠키 수즈사 수즈나 수치세 바카린】 / 수로코 캠하레 코코나 아코 히마리 뉴요코 슌 나츠 네루 노아 라로코 마리나 마시로 미도리 미사키 바스나 사츠키 사키 수사키 수이미 수후미 아루 아리스 아즈사 어린슌 에이미 온나츠 온도카 온리노 유즈 이오리 이즈나 이즈미 츠루기 치리나 카린 카스미 카즈사 코하루 크나에 크리나 하루나 호시노 히나 히비키 히요리
'13-10,15,7,14,【리오 드히나 임시노 쿠로코 수나코 미카 와카모 수요리 드아코 수우이 운유카 수즈사 수히나 수오리】 / 코코나 아코 뉴요코 우이 슌 나츠 네루 노아 루미 마리나 마시로 메리스 모에 미도리 미야코 미유 사오리 세나 세이아 수야코 수후미 스미레 아루 아리스 아츠코 에이미 온나츠 온도카 우미카 유카리 응타하 이로하 이오리 이즈미 츠루기 츠쿠요 치마리 치히로 카린 카호 코유키 코하루 호시노 히비키
'7-6,15,7,12,【리오 드히나 쿠로코 수나코 미카 수시노 와카모 세이아 교스나 수우이 수나타 수즈사 수시로 바카린】 / 히마리 슌 체리노 히나타 수칸나 나츠 뉴리카 니야 드요코 라로코 렌게 마키 메루 메모이 모에 미네 미노리 미사키 미유 바스나 바토키 사복사야 사오리 수노미 시로코 아루 아주리 아즈사 어린슌 온나츠 온도카 이로하 이오리 이즈미 츠루기 츠쿠요 카린 카스미 카즈사 코하루 파우카 하루나 호시노 히나 히비키 히요리 히후미
'20-19,15,7,14,【수기사 교네루 드히나 임시노 수나코 수시노 와카모 세이아 수요리 뉴츠키 운유카 수즈나 수즈사 수시로】 / 드아루 코코나 히마리 슌 체리노 히나타 나츠 네루 노아 뉴루카 니야 드오리 레이사 마시로 마키 메구 미나 미네 미도리 미모리 미야코 바스나 바카네 사복사야 사야 세나 수노미 수리카 수카모 수후미 스미레 아루 아리스 아주리 에이미 온도카 운루나 유즈 응타하 이오리 츠루기 카린 카즈사 카호 코하루 크나에 키쿄 하루나 호시노 히나 히비키 히요리
'21-24,14,7,13,【리오 드히나 임시노 수나코 미카 수시노 와카모 수요리 수우이 수나타 뉴츠키 수즈나 수즈사】 / 수로코 드아루 아코 체리노 히나타 가바키 나츠 레이죠 마시로 메루 메리스 미나 미노리 미도리 미모리 미사키 미야코 미유 바스나 사복사야 사야 사오리 사키 세나 수노미 수모에 수후미 스미레 시구레 시로코 아루 아리스 아즈사 어린슌 에이미 온나츠 온도카 온리노 유즈 이오리 이즈나 이즈미 츠루기 츠쿠요 치히로 카스미 카호 코유키 크나에 하루나 호시노 히나 히비키 히요리
'5-21,15,7,14,【수기사 임시노 쿠로코 수나코 미카 수시노 와카모 수이아 뉴후카 드아코 수우이 뉴츠키 수시로 바네루 바카린】 / 뉴요코 슌 체리노 히나타 가바키 나츠 네루 노아 뉴리카 드오리 라로코 마키 메구 미노리 미모리 미야코 바카네 사야 사오리 사쿠라코 사키 수부키 수이미 수후미 스미레 시구레 시로코 어린슌 온나츠 온도카 온리노 유카리 이오리 이즈나 이치카 츠루기 치모에 치히로 카린 칸나 캠타마 코하루 하루나 호시노 히나 히비키
'5-25,15,7,14,【수기사 리오 교네루 드히나 수나코 미카 와카모 수이아 운유카 뉴츠키 수우이 수즈나 수시로 수히나 수오리】 / 코코나 아코 히마리 체리노 나츠 네루 뉴리카 라로코 마시로 마키 메리스 모에 미네 미노리 미도리 미모리 미사키 미야코 사복사야 사쿠라코 수노미 수리카 수사키 수카모 수후미 스미레 시로코 아루 아리스 아즈사 어린슌 에이미 온나츠 온리노 운루나 이로하 이오리 슌 츠루기 치히로 카린 카호 칸나 크나에 하루나 히나 히비키 히요리 히후미
'4-20,14,7,14,【교네루 드히나 쿠로코 수나코 미카 수시노 와카모 세이아 뉴후카 드아코 수즈나 수즈사 수치세 수시로】 / 키사키 코코나 아코 뉴요코 슌 체리노 히나타 나츠 네루 뉴리카 레이사 레이죠 루미 마리나 마시로 마키 메루 메리스 미사키 바카네 사복사야 사키 수노미 수모리 수부키 수사키 수후미 스미레 시구레 시로코 아즈사 아츠코 어린슌 에이미 온리노 유즈 이로하 이오리 이즈나 츠쿠요 치리나 치아키 치히로 카린 카즈사 캠타마 코하루 크나에 호시노 히나 히요리 히비키
'21-12,14,7,14,【교네루 수나코 미카 수시노 와카모 수이아 임시노 드히나 수우이 운유카 뉴츠키 수즈사 수히나 수오리】 / 수로코 아코 히마리 뉴요코 네루 뉴리카 레이 루미 마리나 마키 메구 메루 미모리 미사키 미유 바스나 바카네 바토키 사복사야 세나 수야코 수카모 스미레 시구레 시로코 아리스 아주리 아즈사 아츠코 어린슌 에이미 온나츠 온리노 운루나 유즈 유카리 응타하 이노리 이로하 이즈나 이즈미 츠루기 치아키 치히로 카린 카에데 칸나 코유키 코하루 크나에 크리나 하루나 히나 히비키 히후미
'15-19,14,7,14,【리오 드히나 임시노 쿠로코 수나코 수시노 와카모 수이아 수스미 세이아 수우이 수즈사 뉴츠키】 / 키사키 캠하레 드아루 코코나 아코 히마리 뉴요코 가피나 네루 노아 뉴루카 라로코 렌게 루미 마리나 메모이 미네 미도리 바스나 바카네 바토키 사야 사오리 수부키 스미레 시구레 시로코 아루 아즈사 아츠코 에이미 온구레 온나츠 온리노 우미카 유즈 응토리 이로하 이오리 이즈나 츠루기 츠쿠요 카린 카에데 캠타마 코유키 크나에 파노아 하루나 히나 히비키 히후미
'14-16,14,7,14,【교네루 드히나 임시노 수나코 미카 수시노 와카모 수이아 히카리 드아코 마코토 수우이 나기사 수즈사】 / 뉴요코 우이 슌 체리노 수칸나 나츠 네루 뉴리카 마리나 마키 메구 메모이 미나 미노리 미도리 미모리 미유 바스나 사복사야 사야 사오리 수부키 수카모 수키쿄 수후미 아루 아리스 아즈사 아츠코 어린슌 온도카 온리노 우미카 응타하 이로하 이오리 이즈미 츠루기 츠쿠요 치모에 카린 캠마키 캠타마 코유키 파노아 하루나 호시노 히나 히비키 히요리
'13-8,14,7,14,【리오 교네루 드히나 임시노 미카 수시노 와카모 세이아 수요리 운유카 뉴츠키 수즈사 수즈나】 / 수로코 드아루 아코 히마리 뉴요코 우이 슌 히나타 나츠 네루 노아 뉴루카 라로코 레이사 렌게 마시로 메도리 모에 미네 미노리 미도리 미모리 미야코 바스나 바카네 사복사야 사오리 사키 수리카 수모에 수부키 시구레 시로코 아즈사 어린슌 에이미 온도카 온리노 운루나 유즈 이로하 이오리 이즈나 이즈미 츠루기 치히로 카린 카즈사 카호 칸나 코유키 크나에 크리나 키코 하루나 히나 히후미
'18-22,14,7,13,【수기사 교네루 드히나 임시노 쿠로코 수시노 와카모 수이아 수요리 싸오리 수우이 수나타 바카린 드아코】 / 히마리 우이 뉴루카 드요코 라로코 렌게 마시로 마키 메구 메도리 미도리 미모리 미야코 미유 바스나 바카네 사쿠라코 수야코 수이미 수후미 스미레 아루 아리스 아즈사 아츠코 에이미 온구레 온나츠 운루나 유즈 이로하 이오리하루나 이즈나 이즈미 츠루기 츠쿠요 카린 카스미 칸나 히비키
'21-26,14,7,13,【수기사 교네루 드히나 수나코 미카 수시노 와카모 세이아 수요리 운유카 뉴츠키 수즈사 수시로】 / 수로코 우이 체리노 노아 뉴루카 뉴카리 마키 메도리 메리스 모 모에 미도리 바스나 사오리 사키 수노미 수부키 수야코 수카모 수후미 스미레 아루 아리스 아즈사 아츠코 에이미 온도카 온리노 우미카 유즈 유카리 응토리 이로하 이오리 슌 이즈나 이즈미 츠루기 치히로 카린 카스미 카즈사 크리나 키라라 호시노 히비키 히후미
'26-10,14,7,12,【드히나 임시노 쿠로코 미카 와카모 수이아 수나코 수시노 히카리 세이아 교스나 싸오리 드아코 수우이】 / 히마리 우이 체리노 가바키 그미레 나츠 네루 노아 뉴리카 드오리 드요코 레이사 마리나 마시로 마키 메구 메모이 미야코 미유 사야 사쿠라코 사키 수노미 수모에 수카모 수후미 아루 에이미 온나츠 응토리 이로하 이즈미 츠쿠요 치히로 카에데 코유키 키쿄 히나 히비키 히요리 히후미
'26-27,14,7,12,【수기사 드히나 쿠로코 수나코 미카 수시노 와카모 히카리 세이아 수요리 싸오리 수우이 수즈나】 / 수로코 캠하레 코코나 히마리 우이 슌 노아 뉴리카 레이사 루미 마시로 메루 미나 미도리 미야코 바스나 사복사야 사오리 사키 수리카 수모리 수모에 수부키 수야코 수카모 아츠코 어린슌 에이미 우미카 유즈 응타하 응토리 이로하 치모에 카스미 카에데 칸나 크나에 키라라 하루나 히비키 히요리 히후미
'22-28,14,7,12,【수기사 드히나 쿠로코 수나코 미카 수시노 와카모 드아코 마코토 수우이 수나타 수즈나 수즈사 뉴츠키】 / 수로코 드아루 코코나 우이 체리노 뉴리카 라로코 마시로 메루 메리스 모에 바스나 바카네 수후미 시로코 시오리 아주리 아즈사 온나츠 응타하 이즈나 이즈미 츠루기 카린 칸나 캠마키 크리나 파우카 하루나 호시노 히나 히비키
'15-8,14,7,12,【수기사 수미카 드히나 임시노 수나코 수시노 와카모 수이아 세이아 수우이 수나타 수시로 수히나 바카린】 / 수로코 캠하레 코코나 아코 히마리 뉴요코 우이 슌 체리노 가바키 나츠 노아 뉴리카 렌게 루미 마리나 마키 메구 메루 모에 미네 미도리 미모리 미사키 미야코 미유 바스나 바토키 사복사야 사오리 사키 세나 수모리 수카모 수후미 스미레 시구레 아루 아리스 아즈사 어린슌 온나츠 온리노 운루나 유즈 응타하 이로하 이오리 이즈나 이즈미 츠루기 치히로 카린 카에데 카즈사 캠타마 코하루 크나에 키라라 호시노 히비키 히요리 히후미
'20-14,13,7,12,【수기사 수미카 수나코 미카 수시노 와카모 임시노 수나코 세이아 드아코 마코토 수우이 수즈사】 / 아코 슌 체리노 히나타 나츠 노아 뉴루카 뉴리카 레이사 렌게 마시로 메구 메리스 모에 미도리 미모리 미사키 미야코 바스나 밴나츠 사복사야 사키 세나 수리카 수야코 수후미 스미레 시로코 아루 아리스 아미레 아츠코 어린슌 에이미 온나츠 온도카 유즈 이로하 이오리 이즈미 카린 카에데 카즈사 카호 칸나 코유키 코하루 키라라 하루나 히나 히비키 히후미
'11-15,13,7,12,【임시노 쿠로코 미카 수시노 와카모 수이아 드히나 수나코 세이아 미사카미코토 수우이 수나타 수히나】 / 히마리 뉴요코 우이 슌 체리노 히나타 가츠키 나츠 네루 노아 뉴루카 뉴리카 레이사 마리나 마시로 마키 메리스 모에 미도리 미사키 미야코 바스나 바토키 사복사야 사야 사오리 수리카 수모리 수사키 수야코 수이미 시구레 아루 아리스 아츠코 에이미 온리노 유카리 응토리 이로하 이오리 이즈미 이치카 츠루기 츠쿠요 치아키 카린 카스미 카에데 키라라 키쿄 하루나 호시노 히비키 히후미 /라로코
'24-11,13,7,12,【리오 교네루 임시노 수나코 미카 수시노 와카모 세이아 교스나 드아코 수즈나 뉴아루】 / 히마리 뉴요코 슌 체리노 히나타 네루 루미 마시로 메구 메루 메모이 미네 미도리 미모리 미야코 미유 사야 사쿠라코 사키 수사키 수이미 수후미 스미레 시로코 아즈사 아츠코 어린슌 에이미 온도카 운루나 유즈 유카리 응타하 응토리 이로하 이오리 이즈나 이즈미 츠쿠요 치리나 치히로 카린 카에데 카호 캠타마 코하루 크리나 하루나 호시노 히나 히비키 히후미
'17-6,13,7,12,【드히나 수나코 미카 수시노 와카모 임시노 쿠로코 수요리 싸오리 수우이 뉴츠키 수즈나】 / 수로코 코코나 히마리 체리노 히나타 나츠 네루 노아 뉴리카 드요코 라로코 렌게 마시로 마키 메도리 메루 메리스 미도리 미모리 미유 바스나 바카네 사복사야 사야 사오리 사츠키 사쿠라코 사키 수후미 아루 아리스 아미레 어린슌 에이미 온구레 온나츠 온도카 운루나 유즈 응타하 이오리아즈사 이즈미 이치카 츠루기 츠쿠요 치히로 카호 칸나 하루나 호시노 히나 히비키 히요리 히후미
'21-18,13,7,12,【수기사 리오 임시노 수나코 미카 수시노 와카모 수이아 세이아 교스나 수우이 수시로 수히나】 / 드아루 코코나 아코 뉴요코 우이 체리노 나츠 뉴리카 뉴즈미 라로코 레이죠 렌게 마시로 메리스 메모이 미나 미네 미도리 미모리 미사키 미야코 사야 사키 수부키 수카모 수후미 시로코 아루 아즈사 아츠코 어린슌 이로하 이오리 슌 이즈미 츠루기 치모에 카린 카에데 캠타마 코하루 크리나 키라라 피모에 하루나 호시노 히비키
'4-32,13,7,12,【수기사 드히나 임시노 수나코 미카 수시노 와카모 수이아 수스미 수요리 싸오리 뉴츠키 바네루】 / 캠하레 아코 히마리 우이 슌 체리노 히나타 가바키 네루 뉴리카 드오리 라로코 레이죠 렌게 마시로 메도리 미네 미도리 미사키 바스나 바카네 사복사야 사야 수야코 수카모 아루 아리스 아즈사) 아츠코 어린슌 에이미 온구레 온나츠 온리노 응토리 이로하 이오리 이즈미 츠루기 츠쿠요 치리나 카린 코하루 크리나 키라라 키쿄 히요리 히후미 +1)
'13-3,13,7,12,【수기사 리오 임시노 쿠로코 수나코 미카 와카모 수이아 세이아 수우이 운유카 수즈나 바카린】 / 우이 슌 가바키 나츠 네루 라로코 마시로 메도리 모에 미나 미노리 미모리 미사키 미야코 사야 사쿠라코 사키 세나 수사키 수야코 수후미 스미레 시구레 아루 아리스 어린슌 온도카 온리노 유즈 유카리 이로하 이오리 이즈나 츠루기 츠쿠요 카에데 카즈사 카호 코하루 크나에 키라라 하루나 히나 히비키 히요리 히후미
'26-22,12,7,12,【수미카 리오 드히나 임시노 미카 수시노 와카모 수이아 뉴후카 세이아 수요리 운유카】 / 아코 히마리 뉴요코 슌 체리노 네루 노아 뉴리카 뉴카리 라로코 렌게 메루 메모이 미나 미모리 미사키 미야코 미유 바스나 바토키 사야 사키 수노미 수모에 수키쿄 아즈사 어린슌 온구레 온도카 온리노 응토리 이로하 이즈나 이즈미 츠루기 카에데 캠타마 호시노 히나 히비키 히요리 히후미
'26-3,12,7,12,【교네루 드히나 임시노 수나코 미카 수시노 와카모 나기사 싸오리 수요리 수우이 운유카】 / 드아루 코코나 아코 히마리 슌 체리노 가바키 네루 노아 뉴리카 뉴카리 마리나 마시로 메구 미네 미노리 미도리 미모리 바토키 사복사야 스미레 시구레 아루 아리스 에이미 온나츠 운루나 유즈 이로하 이오리 이즈미 츠루기 치아키 카호 캠타마 크리나 히요리
'27-17,12,7,13,【리오 교네루 드히나 쿠로코 미카 수시노 와카모 수요리 드아코 수우이 수즈나 수치세】 / 캠하레 코코나 아코 히마리 뉴요코 히나타 가바키 가피나 레이사 메구 미나 미네 미노리 미도리 미모리 미사키 미야코 바스나 바토키 사쿠라코 사키 수부키 수사키 수후미 스미레 아루 아주리 아츠코 온구레 온도카 유즈 이오리 이즈나 츠쿠요 치모에 치아키 치히로 카즈사 카호 캠타마 크나에 크리나 하루나 히나 히후미
'20-9,12,7,10,【교네루 드히나 쿠로코 수나코 미카 수시노 와카모 수요리 수즈나 수즈사 수시로】 / 수로코 아코 슌 체리노 나츠 네루 노아 뉴루카 뉴리카 뉴즈미 드요코 루미 마리나 마시로 메루 메리스 미네 미도리 미모리 미유 바스나 사야 사츠키 사키 세나 수리카 수모리 수모에 수야코 수카모 수후미 스미레 시로코 아루 아리스 온나츠 온도카 온리노 우미카 유즈 유카리 응타하 이즈나 이즈미 츠루기 카린 카즈사 카호 캠타마 코유키 호시노 히나 히비키 히요리 히후미
'10-11,11,7,12,【드히나 임시노 쿠로코 수나코 미카 수시노 와카모 세이아 수요리 운유카】 / 수로코 드아루 히마리 우이 슌 체리노 히나타 네루 뉴루카 라로코 레이사 마리나 마시로 마키 메구 모에 미나 미네 미노리 미야코 바카네 사오리 사키 수노미 수야코 수카모 스미레 시구레 아루 에이미 온도카 온리노 유즈 응타하 이로하 이즈나 츠루기 치모에 카린 카호 크나에 키쿄 하루나 호시노 히나 히비키 히후미
'23-3,12,7,12,【수기사 드히나 임시노 수나코 미카 수시노 와카모 세이아 드아코 수우이 체마리 수즈사】 / 수로코 히마리 뉴요코 슌 가바키 네루 노아 뉴카리 라로코 레이죠 루미 마리나 마시로 메구 미나 미네 미모리 미사키 미야코 바스나 바카네 바토키 사복사야 사야 사쿠라코 세나 수모에 수부키 수야코 수카모 시로코 아츠코 어린슌 온나츠 온도카 온리노 운루나 유즈 유카리 응타하 이로하 이오리 이즈미 츠루기 츠쿠모 치히로 카스미 카에데 카즈사 캠타마 코유키 코하루 크나에 크리나 호시노 히나 히비키 히후미
'24-3,12,7,13,【수기사 리오 임시노 수나코 와카모 쿠로코 드히나 뉴후카 드아코 운유카 수우이 수즈나】 / 수로코 아코 히마리 슌 체리노 나츠 네루 노아 라로코 레이사 마리나 마키 메구 미나 미노리 미모리 미사키 미야코 미유 바스나 사복사야 사야 사쿠라코 사키 수리카 시구레 시로코 아리스 아츠코 온도카 이로하 이즈나 이즈미 츠루기 츠쿠요 치리나 치히로 카린 카스미 카호 칸나 크나에 크리나 키쿄 파노아 하루나 호시노 히비키 히요리 히후미
'27-28,12,7,13,【수기사 리오 임시노 쿠로코 와카모 수나코 수시노 수요리 수우이 수즈나 수치세 운유카】 / 캠하레 아코 히마리 우이 슌 나츠 뉴루카 라로코 레이사 마시로 마키 모에 미네 미노리 미도리 미사키 바스나 바카네 바토키 사복사야 사복세나 사쿠라코 사키 수노미 수사키 수이미 수카모 스미레 시로코 아루 아즈사 에이미 온나츠 우미카 운루나 유즈 응토리 이로하 츠쿠요 치히로 카스미 카에데 코하루 파노아 호시노 히나 히요리
'4-18,12,7,13,【수기사 리오 드히나 쿠로코 와카모 수이아 수나코 수시노 수요리 수즈나 수히나 수시로】 / 드아루 아코 슌 체리노 히나타 수칸나 라로코 레이사 마리나 마시로 메구 메도리 미나 미네 미노리 미모리 미사키 미야코 미유 사복사야 사야 사키 세나 수노미 수야코 수이미 수카모 스미레 시구레 시로코 아루 아리스 아츠코 어린슌 에이미 온도카 유즈 이오리 이즈나 이치카 카즈사 코유키 코하루 키쿄 히비키 히후미
'15-4,12,7,13,【수기사 임시노 쿠로코 수시노 와카모 수나코 미카 세이아 수요리 수우이 뉴츠키】 / 키사키 코코나 우이 슌 체리노 히나타 네루 뉴리카 루미 마리나 마시로 마키 미나 미도리 미모리 미야코 바스나 바카네 사야 사오리 수모리 수사키 수후미 스미레 시로코 아루 아리스 아즈사 아츠코 어린슌 에이미 온나츠 온도카 운루나 이로하 이오리 이즈나 이즈미 츠루기 카린 카호 코하루 크나에 크리나 하루나 히비키 히요리 히후미
'24-2,12,7,13,【리오 교네루 임시노 쿠로코 미카 수시노 와카모 수이아 세이아 수요리 드아코 수즈나】 / 캠하레 드아루 코코나 히마리 뉴요코 슌 체리노 히나타 가바키 네루 노아 뉴루카 니야 드요코 라로코 마키 메리스 모에 미네 미도리 미모리 미사키 바카네 바토키 사복사야 사야 사오리 사츠키 사쿠라코 사키 수노미 수부키 수사키 수카모 수후미 스미레 시로코 아리스 아즈사 에이미 온구레 온나츠 온리노 운루나 응타하 이로하 이즈나 이즈미 츠루기 치모에 치아키 치히로 카린 카즈사 카호 캠타마 코하루 하루나 호시노 히후미
'27-31,12,7,12,【리오 드히나 임시노 쿠로코 미카 수시노 와카모 세이아 수요리 수치세 운유카】 / 캠하레 아코 히마리 슌 체리노 히나타 가바키 뉴카리 드요코 렌게 루미 마키 메도리 메루 미나 미네 미모리 미유 바카네 바토키 사복사야 사야 수카모 시구레 아루 아리스 아츠코 어린슌 오노카 온구레 온도카 운루나 유카리 이로하 이즈나 이즈미 이치카 츠루기 츠쿠요 카린 카에데 카즈사 크나에 키라라 키쿄 하루나 호시노 히나 히비키
'26-14,12,7,12,【수기사 드히나 임시노 수나코 미카 수시노 와카모 수이아 히카리 드아코 운유카 운마리】 / 캠하레 아코 우이 슌 네루 뉴루카 뉴카리 드요코 라로코 루미 마리나 마시로 마키 메구 메루 메모이 미노리 미도리 미모리 미사키 미유 바토키 사복사야 사츠키 사쿠라코 세나 수노미 수모리 수사키 스미레 시구레 시로코 아루 아츠코 온구레 온도카 응타하 이로하 이즈나 이즈미 츠쿠요 치히로 카린 카스미 카즈사 카호 칸나 코유키 코하루 파노아 히나 히후미
'4-10,12,7,13,【수기사 수미카 리오 임시노 미카 수시노 와카모 수이아 드아코 뉴츠키 운마리】 / 수로코 코코나 아코 히마리 뉴요코 우이 슌 체리노 히나타 나츠 노아 뉴리카 라로코 레이사 렌게 루미 마리나 마시로 마키 메구 모에 미나 미노리 미도리 미모리 미사키 미유 바스나 바카네 사야 사오리 사쿠라코 사키 세나 수노미 수모에 수이미 스미레 시로코 아루 아리스 아츠코 어린슌 에이미 온나츠 온도카 유즈 응타하 이로하 이오리 이즈나 이즈미 이치카 츠루기 카린 카스미 카에데 카호 키라라 하루나 호시노 히비키 히요리 히후미
'10-23,11,7,13,【드히나 임시노 쿠로코 수나코 미카 수시노 와카모 세이아 수요리 드아코 뉴츠키】 / 캠하레 히마리 뉴요코 우이 슌 히나타 네루 노아 뉴리카 라로코 레이사 렌게 마시로 마키 메구 모에 미도리 미모리 미사키 미야코 바스나 사야 사오리 사키 세나 수노미 수리카 수모리 수사키 수야코 스미레 시구레 시로코 아리스 아즈사 어린슌 온도카 운루나 유즈 응토리 이로하 이오리 이즈나 츠쿠요 치히로 카즈사 칸나 크나에 크리나 키쿄 파노아 하루나 호시노 히비키 히요리
'26-18,11,7,10,【리오 드히나 임시노 수나코 미카 수시노 와카모 싸오리 드아코 나기사】 / 드아루 아코 뉴요코 수칸나 가바키 네루 뉴루카 레이사 마키 메모이 미나 미네 미도리 미사키 바스나 바카네 바토키 사복사야 사키 세나 수노미 수카모 시구레 아주리 아츠코 온리노 운루나 유즈 응타하 이로하 이오리 이즈나 츠루기 츠쿠요 카스미 카호 칸나 캠타마 코유키 크나에 하루나 히비키 히후미
'4-17,11,7,10,【리오 드히나 임시노 쿠로코 수나코 수시노 와카모 싸오리 나기사 수즈나 바네루】 / 수로코 아코 히마리 우이 슌 체리노 히나타 가피나 나츠 네루 뉴리카 라로코 레이사 렌게 루미 마리나 마시로 메구 모에 미나 미네 미도리 미모리 미사키 미야코 바스나 바카네 사복사야 사야 사키 수노미 수모리 수부키 수사키 수후미 시구레 시로코 아리스 아즈사 아츠코 어린슌 에이미 온나츠 온리노 우미카 응타하 이로하 이오리 이즈미 츠루기 츠쿠요 치히로 카스미 카에데 카즈사 칸나 캠타마 코하루 크리나 키라라 하루나 호시노 히비키 히후미
'3-20,11,7,10,【수기사 리오 드히나 수나코 미카 수시노 와카모 수우이 뉴츠키 수즈사 수히나】 / 수로코 드아루 뉴요코 우이 슌 히나타 수칸나 가피나 네루 레이사 렌게 루미 마리나 마시로 메구 메루 메모이 미도리 미모리 미사키 미유 사복사야 사야 사키 수리카 수사키 수후미 스미레 시구레 시로코 아리스 온리노 유즈 이오리 이즈나 츠쿠요 치히로 카린 카스미 카에데 카즈사 코유키 크리나 하루나온도카 호시노 히나 히비키 히요리 히후미
'26-31,11,7,10,【수기사 리오 드히나 수나코 미카 수시노 와카모 수이아 드아코 마코토 운유카】 / 캠하레 코코나 히마리 뉴요코 슌 나츠 노아 레이사 마시로 메루 메리스 미도리 미사키 미야코 바카네 바토키 사야 사키 수리카 수사키 수야코 수후미 스미레 시구레 아루 아즈사 아츠코 어린슌 에이미 우미카 유즈 응타하 응토리 이로하 츠루기 츠쿠요 치히로 카에데 카즈사 캠타마 코하루 키라라 키쿄 파우카 호시노 히나 히비키 히요리
'18-4,11,7,10,【수기사 수미카 리오 드히나 미카 수시노 와카모 수이아 드아코 수우이 수나타】 / 가피나 메구 수키쿄 온구레 치모에 치아키 카즈사
'19-31,10,7,10,【리오 교네루 드히나 수나코 미카 수시노 와카모 뉴아루 수즈나 바카린】 / 코코나 히마리 뉴요코 슌 체리노 뉴리카 뉴아루 드아코 레이사 레이죠 렌게 마리나 마시로 마코토 메구 메도리 미모리 바스나 사야 사오리 사쿠라코 사키 세나 수모리 수사키 수우이 수카모 시구레 아루 아리스 아즈사 어린슌 에이미 온나츠 온도카 온리노 응타하 이로하 이즈미 츠루기 츠쿠요 치히로 캠타마 코유키 코하루 키라라 호시노 히나 히비키 히요리 히후미
'8-3,10,7,10,【리오 드히나 임시노 수나코 미카 수시노 와카모 뉴후카 히카리 수즈사】 / 아코 히마리 우이 체리노 히나타 노아 뉴루카 뉴리카 라로코 레이사 마리나 마키 메구 메루 메리스 미나 미도리 미모리 미사키 바스나 바카네 바토키 사복사야 사야 사오리 사키 수야코 수카모 아루 아리스 에이미 온구레 온도카 유카리 이로하 이오리 이즈나 이즈미 이치카 츠루기 츠쿠요 치리나 카린 카즈사 캠마키 캠타마 코유키 하루나 히비키 히후미
'25-10,10,7,11,【리오 드히나 수나코 미카 와카모 수이아 임시노 쿠로코 드아코 수즈나】 / 히마리 우이 체리노 히나타 수칸나 나츠 네루 뉴리카 루미 마시로 모에 미나 미사키 미야코 바스나 바카네 사복사야 사야 사오리 수노미 수모리 수이미 수후미 스미레 시구레 아루 아리스 어린슌 에이미 온나츠 온도카 이로하 이오리 이즈나 이즈미 이치카 츠루기 코유키 코하루 크나에 하루나 히나 히비키 히요리 히후미
'23-4,10,7,11,【리오 드히나 임시노 수나코 미카 수시노 와카모 수이아 수즈나】 / 수로코 아코 우이 슌 히나타 수칸나 가바키 나츠 노아 뉴리카 니야 레이사 레이죠 루미 마시로 마키 메구 메루 메리스 메모이 미노리 미도리 미사키 미야코 미유 바스나 사복사야 사쿠라코 세나 수노미 수사키 수야코 수후미 시로코 아즈사 에이미 온구레 온나츠 온도카 온리노 응토리 이로하 이오리 치아키 카린 카에데 칸나 캠타마 하루나 호시노 히나 히비키 히후미
'26-19,10,7,11,【리오 교네루 드히나 임시노 미카 수시노 와카모 미사카미코토 수즈나 운유카】 / 수로코 코코나 아코 히마리 뉴요코 우이 체리노 뉴루카 뉴리카 라로코 마리나 메도리 미나 미노리 미모리 미야코 바토키 사츠키 사키 수노미 수모에 수이미 수카모 수키쿄 스미레 아루 아리스 아즈사 아츠코 에이미 온구레 온나츠 온도카 온리노 유즈 이로하 이오리 이즈나 이즈미 츠루기 츠쿠요 카린 카스미 카호 칸나 코유키 키쿄 호시노 히비키 히후미
'14-1,10,7,12,【리오 교네루 쿠로코 수나코 미카 수시노 와카모 수요리 수즈사】 / 드아루 코코나 아코 히마리 우이 슌 체리노 나구사 노아 뉴리카 라로코 루미 마시로 마키 메루 미야코 미유 바스나 바카네 사야 사키 세나 수노미 수모리 수모에 수후미 스미레 시구레 시로코 아루 어린슌 에이미 온나츠 유즈 응토리 이로하 이오리 이즈나 이즈미 츠쿠요 치히로 카린 카스미 코하루 크나에 호시노 히나 히비키 히요리
'27-10,10,7,11,【수기사 수미카 드히나 수나코 미카 수시노 와카모 세이아 교스나 수치세】 / 히마리 히나타 뉴리카 레이사 레이죠 렌게 마리나 마시로 마키 메구 메모이 미나 미네 미도리 미사키 미야코 미유 바스나 바카네 사야 사오리 사키 세나 스미레 시구레 시로코 아즈사 어린슌 에이미 온도카 우미카 유즈 이즈미 츠루기 카에데 카호 칸나 캠타마 코하루 크리나 키쿄 히나 히비키 히요리
'6-20,9,7,11,【드히나 임시노 쿠로코 수나코 미카 수시노 와카모 수즈나】 / 코코나 우이 슌 체리노 뉴리카 라로코 레이사 마리나 마키 메루 미나 미네 사오리 수노미 수이미 아리스 아즈사 어린슌 에이미 온도카 유즈 이로하 이오리 이즈나 츠쿠요 치히로 카린 카즈사 칸나 코하루 하루나 히요리 히후미
'14-14,9,7,11,【수기사 수미카 드히나 수나코 미카 수시노 와카모 수우이 수즈사】 / 키사키 수로코 코코나 아코 뉴요코 우이 슌 체리노 히나타 나츠 네루 뉴리카 렌게 루미 메구 미네 미노리 미도리 미모리 미유 바스나 바카네 사복사야 사야 사오리 사쿠라코 수부키 수야코 수후미 슈루카 스미레 시구레 시로코 아즈사 아츠코 어린슌 온나츠 온리노 응토리 이오리 츠루기 츠쿠요 치히로 카린 카에데 캠마키 코하루 하루나 호시노 히나 히비키 히요리 히후미
'3-11,8,7,11,【리오 교네루 드히나 수나코 미카 수시노 와카모 수우이】 / 우이 슌 체리노 히나타 가피나 나츠 네루 뉴리카 렌게 마시로 메도리 메루 미나 미노리 미모리 미사키 바스나 사오리 사쿠라코 사키 세나 수노미 수카모 스미레 시로코 아루 아리스 어린슌 온나츠 온도카 유즈 이오리 이즈미 이치카 츠루기 치히로 카린 카즈사 칸나 키쿄 호시노 히나 히비키 히요리 히후미
'26-21,9,7,12,【리오 교네루 드히나 임시노 미카 수시노 와카모 드아코 수우이】 / 수로코 캠하레 아코 히마리 수칸나 노아 뉴리카 루미 메리스 모에 미나 미네 미사키 바카네 바토키 사츠키 세나 수리카 수사키 수야코 수이미 수카모 시구레 아루 아리스 아미레 온나츠 온도카 온리노 유즈 응토리 이로하 이오리 이즈나 치아키 카린 카에데 카즈사 칸나 크나에 크리나 키쿄 호시노 히비키 히후미
'12-12,18,6,13,【교네루 드히나 수나코 미카 수시노 와카모 히카리 세이아 수요리 드아코 마코토 수즈사 미사카미코토 운유카 수히나 수즈나 수치세】 / 수로코 코코나 아코 히마리 히나타 수칸나 나츠 네루 뉴루카 뉴리카 루미 마키 메구 메리스 메모이 모에 미네 미노리 미도리 미사키 미야코 바카네 바토키 사복사야 사쿠라코 사키 수야코 수이미 수카모 수후미 시구레 시로코 아루 아즈사 아츠코 어린슌 온구레 온나츠 온도카 온리노 유카리 응타하 이로하 이오리 슌 이즈나 치아키 치히로 카에데 카즈사 칸나 캠마키 코하루 크리나 키라라 키쿄 호시노 히비키 히후미
'13-32,18,6,13,【리오 드히나 쿠로코 미카 수시노 와카모 수이아 수스미 세이아 수요리 싸오리 드아코 수우이 수나타 운유카 수히나 수시로 수즈나】 / 코코나 아코 히마리 뉴요코 슌 네루 뉴루카 뉴리카 뉴즈미 루미 마리나 마키 메구 모에 미나 미노리 미야코 미유 바스나 바카네 사복사야 사야 사오리 세나 수모에 수이미 수카리 시구레 시로코 아리스 아즈사 에이미 온구레 온나츠 온도카 온리노 유즈 유카리 이로하 이오리 이즈나 이즈미 츠루기 츠쿠요 카린 카즈사 칸나 크나에 크리나 하루나 호시노 히나 히비키
'7-29,18,6,13,【리오 교네루 드히나 미카 수시노 와카모 수이아 수스미 세이아 뉴후카 교스나 드아코 마코토 운유카 뉴츠키 수즈사 바카린】 / 캠하레 히마리 체리노 나츠 네루 뉴리카 라로코 마시로 마키 메구 미나 미노리 미도리 미모리 미야코 바스나 사복사야 수후미 시구레 아루 아즈사 어린슌 에이미 온나츠 온도카 온리노 이로하 이오리 이즈나 이즈미 츠루기 츠쿠요 치모에 카즈사 코하루 파우카 하루나 호시노 히비키 히요리 히후미
'20-13,18,6,12,【수기사 임시노 쿠로코 미카 수시노 와카모 수이아 히카리 뉴후카 수요리 드아코 미사카미코토 나기사 수즈사 수히나 바카린 수즈나 수치세】 / 코코나 히마리 뉴요코 슌 체리노 히나타 수칸나 나츠 네루 뉴리카 라로코 루미 마키 메구 메루 미도리 미모리 바스나 바카네 바토키 사복사야 사오리 사키 수노미 수사키 수카모 수키쿄 아리스 아즈사 아츠코 에이미 온나츠 온도카 온리노 유즈 응타하 응토리 이로하 이즈나 이즈미 츠쿠요 치아키 카린 카에데 카즈사 카호 칸나 코하루 크나에 크리나 키쿄 파노아 하루나 호시노 히나 히비키 히요리 히후미
'20-12,17,6,12,【임시노 쿠로코 수나코 미카 수시노 와카모 수이아 수스미 세이아 뉴후카 뉴스나 운유카 뉴츠키 수오리 수우이 수즈사 수히나】 / 수로코 아코 히마리 뉴요코 네루 노아 뉴리카 레이사 레이죠 렌게 루미 마키 메구 모에 미네 미모리 미유 바스나 바카네 사복사야 사복세나 세나 수야코 수카모 스미레 시구레 시로코 아리스 아즈사 아츠코 어린슌 에이미 온리노 유즈 응타하 응토리 이로하 이오리 이즈나 츠루기 치히로 카린 카에데 캠타마 코하루 크리나 하루나 히나 히비키 히후미
'19-32,16,6,12,【드히나 임시노 수나코 미카 수이아 수시노 와카모 세이아 교스나 수요리 싸오리 드아코 수우이 운유카 수즈사 수시로】 / 코코나 히마리 슌 체리노 히나타 가바키 뉴루카 루미 마리나 마시로 마키 메구 미네 미모리 미사키 미야코 미유 바스나 바토키 사야 사오리 사츠키 사키 수모에 수사키 수야코 수카모 수후미 시로코 아리스 온도카 온리노 우미카 유즈 이로하 이즈미 치리나 치모에 치히로 카린 카스미 카에데 캠타마 키라라 하루나 호시노 히나 히비키 히요리 히후미
'13-14,15,6,12,【드히나 쿠로코 수나코 와카모 수이아 미카 수시노 세이아 교스나 드아코 운유카 바카린 바네루 수히나 수즈나】 / 히마리 슌 체리노 수칸나 네루 노아 라로코 레이사 렌게 루미 마리나 메도리 메리스 모에 미도리 미모리 미유 바카네 사야사쿠라코 사츠키 수사키 수카모 시로코 아즈사 아츠코 어린슌 온나츠 온도카 운루나 유즈 응토리 이로하 이오리 이즈나 이치카 츠루기 카린 카에데 카즈사 캠마키 캠타마 코유키 코하루 크나에 키라라 하루나 호시노 히나 히비키 히요리 히후미(+ )
'14-7,15,6,12,【리오 드히나 쿠로코 미카 수시노 와카모 수요리 드아코 나기사 뉴츠키 수히나 바카린 수즈나 수치세】 / 캠하레 코코나 아코 뉴요코 우이 슌 체리노 나츠 네루 레이사 마키 메루 메리스 미도리 미모리 미사키 미유 바스나 사복사야 사세나 사야 사오리 사츠키 사키 세나 수노미 수모리 수이미 수카모 수후미 스미레 시구레 시로코 아리스 어린슌 에이미 온구레 유즈 응타하 이로하 이오리 이즈미 이치카 츠루기 치아키 치히로 카린 카즈사 캠타마 코하루 크리나 파우카 하루나 히나 히비키 히후미
'22-27,15,6,12,【드히나 임시노 쿠로코 수나코 미카 수시노 수이아 히카리 노조미 세이아 교스나 수요리 수즈사 드아코 바카린】 / 뉴요코 우이 체리노 수칸나 나츠 뉴리카 뉴즈미 라로코 레이사 마시로 마키 메도리 모에 미네 미노리 미도리 미사키 미야코 바카네 사야 사오리 사키 수이미 수카리 수카모 스미레 시로코 아루 아리스 아즈사 어린슌 온구레 우미카 응타하 이로하 이오리 이즈나 이즈미 츠루기 츠쿠요 치아키 치히로 카호 코하루 크리나 호시노 히나 히비키 히후미
'22-31,15,6,12,【드히나 임시노 수나코 미카 수시노 와카모 세이아 뉴후카 교스나 수요리 나기사 수즈나 수즈사 수치세】 / 수로코 코코나 아코 체리노 나구사 네루 뉴리카 라로코 루미 마리나 마시로 마키 메도리 메모이 모에 미네 미도리 미사키 미유 바스나 바토키 밴나츠 사복사야 사야 사키 수이미 수카모 수후미 스미레 시구레 시로코 아루 아즈사 아츠코 어린슌 온나츠 온도카 유즈 유카리 응토리 이로하 이오리 슌 이즈나 이즈미 츠루기 카린 카에데 카즈사 칸나 코유키 코하루 키쿄 파노아 파우카 하루나 히나 히비키
'21-5,15,6,12,【드히나 임시노 수나코 미카 수시노 와카모 수이아 수스미 히카리 나기사 수우이 뉴츠키 뉴아루 수즈사 수시로】 / 히마리 뉴요코 체리노 히나타 네루 뉴카리 라로코 루미 마시로 마키 메도리 메루 모에 미도리 미사키 미야코 바토키 사복사야 수모리 수야코 수후미 온도카 온리노 우미카 응타하 이오리 이즈나 이치카 치히로 카린 카스미 카에데 칸나 캠타마 코유키 크나에 파우카 하루나 호시노 히비키 히후미(+ )
'15-6,15,6,10,【수기사 드히나 수나코 미카 수시노 와카모 뉴후카 수요리 수우이 뉴츠키 수즈사 수히나 수치세 바카린】 / 이로하 아코 히비키 이오리 슌 하루나 코하루 체리노 온도카 우이 뉴요코 가바키 네루 드요코 바스나 사복사야 사쿠라코 루미 사키 수카모 온구레 온리노 운루나 응타하 마리나 마키 모에 메루 메리스 미나 미모리 미야코 사복사야 사츠키 수노미 수후미 스미레 시로코 아루 아리스 어린슌 온리노 응타하 에이미 이즈나 이즈미 치히로 캠하레 코유키 코코나 호시노 히나 히요리 마리나 미모리 바토키 수부키 아츠코 운루나
'6-14,15,6,12,【수기사 드히나 수나코 미카 수시노 와카모 수이아 수스미 히카리 수요리 싸오리 드아코 마코토 수히나】 / 캠하레 아코 히마리 우이 슌 체리노 가바키 나츠 네루 뉴루카 뉴리카 렌게 루미 마리나 마시로 메리스 모에 미나 미네 미도리 미모리 미사키 미야코 미유 바카네 바토키 사복사야 사야 사오리 사쿠라코 사키 수노미 수야코 수이미 수카모 수후미 스미레 아루 아츠코 응타하 이로하 이오리 이즈나 츠쿠요 치히로 카린 카에데 칸나 크리나 호시노 히나 히비키
'5-16,15,6,11,【수기사 리오 임시노 미카 수시노 와카모 수이아 히카리 뉴후카 세이아 드아코 뉴츠키 바네루 수시로】 / 아코 우이 슌 가바키 가피나 나츠 네루 뉴카리 라로코 레이사 렌게 마시로 마키 미노리 미야코 미유 바스나 바카네 사복사야 수카모 수후미 스미레 시로코 아리스 아즈사 어린슌 에이미 온구레 온나츠 온리노 응타하 이로하 이오리 이즈나 이즈미 치히로 카린 칸나 코하루 크나에 파노아 하루나 호시노 히나 히비키 히요리
'14-27,15,6,11,【수기사 임시노 수나코 미카 수시노 와카모 수이아 세이아 교스나 수우이 수나타 수히나 바카린 바네루】 / 아코 히마리 우이 슌 뉴리카 드오리 라로코 루미 마시로 메구 메도리 미사키 바스나 사복사야 사야 사키 수노미 수카모 시구레 시로코 아리스 아츠코 어린슌 에이미 온나츠 온도카 온리노 이로하 이오리 이즈나 이즈미 츠루기 츠쿠요 치히로 카에데 카호 캠타마 코유키 코하루 크리나 하루나 호시노 히비키 히요리 히후미
'7-8,14,6,13,【드히나 쿠로코 수나코 미카 수시노 와카모 뉴후카 수요리 싸오리 수우이 수즈사 바카린 수즈나 수치세】 / 캠하레 코코나 아코 우이 슌 히나타 나츠 네루 마리나 모에 미모리 미사키 바카네 사복사야 사키 수노미 수사키 수카모 수후미 어린슌 에이미 온리노 유즈 응타하 이오리 이즈나 이즈미 츠루기 츠쿠요 치모에 카린 캠타마 코하루 크나에 키라라 하루나 히나 히비키 히요리 히후미
'22-12,14,6,11,【리오 임시노 쿠로코 수나코 수시노 와카모 세이아 교스나 수요리 운유카 바카린 수시로 수즈나 수즈사】 / 드아루 코코나 아코 슌 체리노 나츠 라로코 마시로 마키 메구 모에 미도리 미모리 바카네 사야 수노미 수사키 수이미 수후미 시구레 시로코 아루 아리스 아즈사 아츠코 어린슌 온나츠 온리노 운루나 응타하 이로하 이오리 이즈나 츠루기 츠쿠요 카스미 카에데 키라라 호시노 히비키 히후미
'25-4,14,6,12,【리오 교네루 드히나 수나코 수시노 와카모 수스미 세이아 교스나 드아코 마코토 수우이 운유카 수즈사】 / 캠하레 코코나 히마리 뉴요코 우이 슌 나구사 나츠 네루 레이사 렌게 마키 미유 바스나 바카네 사야 사오리 사쿠라코 사키 세나 수리카 수카리 수카모 스미레 아루 아리스) 아주리 온도카 우미카 운루나 유즈 응타하 이로하 이즈나 츠루기 치히로 카린 카에데 카호 캠마키 코하루 크나에 크리나 키라라 키쿄 호시노 히비키 히요리
'18-2,14,6,13,【수기사 리오 드히나 수나코 미카 와카모 수이아 수스미 세이아 수요리 싸오리 토키 수즈사 수즈나】 / 키사키 코코나 아코 히마리 우이 체리노 수칸나 네루 니야 라로코 레이사 레이죠 루미 마시로 마키 메루 모에 미사키 사복사야 사야 사키 수노미 수사키 수카리 수카모 수후미 스미레 시구레 시로코 아루 아리스 아미레 아즈사 아츠코 어린슌 에이미 온구레 온도카 유즈 응타하 이로하 이오리 이즈나 이즈미 츠루기 치히로 카린 카스미 카에데 카즈사 카호 코유키 코하루 크나에 크리나 히나 히비키 히요리 히후미
'27-19,14,6,12,【수기사 리오 수나코 미카 수시노 와카모 수이아 수스미 수요리 싸오리 수우이 수나타 운유카】 / 수로코 코코나 히마리 우이 가바키 노아 라로코 레이죠 루미 마키 메구 메리스 메모이 모에 미네 미노리 미모리 미야코 바카네 바토키 사복세나 사오리 사츠키 세나 수사키 수카리 스미레 아츠코 온나츠 온도카 온리노 유즈 응타하 치히로 카호 칸나 코하루 크리나 키라라 하루나 호시노 히비키 히요리 히후미
'6-21,14,6,13,【수기사 임시노 쿠로코 수나코 수시노 와카모 뉴후카 드아코 수우이 수나타 수즈나 뉴츠키 바카린】 / 캠하레 우이 슌 히나타 가피나 뉴루카 레이사 마시로 메도리 메리스 모에 미나 미네 미도리 미모리 미사키 미야코 미유 바스나 사복사야 사오리 사키 스미레 아루 아츠코 어린슌 에이미 온리노 이오리 이즈미 이치카 츠루기 칸나 코유키 히나 히비키 히요리 히후미
'6-30,14,6,13,【수기사 리오 드히나 수나코 미카 와카모 수이아 수요리 드아코 수우이 수나타 뉴츠키 수즈사】 / 뉴요코 체리노 히나타 가바키 나츠 네루 니야 레이사 루미 마리나 마키 메리스 미도리 미모리 바스나 사야 사오리 세나 수노미 수모리 수사키 수야코 수후미 스미레 아리스 아즈사 어린슌 에이미 온도카 유즈 이로하 이오리 이즈나 이치카 츠쿠요 카스미 카즈사 카호 코유키 코하루 크나에 크리나 하루나 히나 히비키 히요리
'4-3,13,6,12,【리오 드히나 임시노 수나코 수시노 와카모 세이아 드아코 운유카 뉴츠키 수즈사 수시로 수즈나】 / 코코나 히마리 뉴요코 슌 수칸나 나츠 네루 노아 뉴루카 뉴리카 레이 레이사 마시로 메구 미도리 바스나 밴나츠 사복사야 사야 사오리 사키 수노미 수리카 수모리 수야코 수카모 수후미 시로코 아루 아리스 아즈사 어린슌 온도카 유즈 응타하 이로하 이오리 이즈나 이즈미 츠루기 츠쿠요 치모에 치히로 카린 카에데 카호 캠마키 크리나 하루나 호시노 히나 히비키 히후미
'19-2,13,6,13,【드히나 쿠로코 수나코 미카 수시노 와카모 뉴후카 수요리 드아코 나기사 수즈나 수즈사 수치세】 / 아코 뉴요코 슌 체리노 나츠 네루 뉴카리 라로코 루미 마리나 마시로 미사키 미유 바토키 사복사야 사키 아루 아츠코 어린슌 에이미 온구레 온나츠 온리노 운루나 유즈 응타하 응토리 이로하 이즈나 이즈미 카린 카에데 카즈사 코유키 크나에 크리나 하루나 히나 히비키 히후미
'24-9,13,6,11,【리오 교네루 드히나 임시노 수시노 와카모 세이아 교스나 수요리 싸오리 수우이 수나타 수즈사】 / 뉴요코 히나타 가바키 나츠 노아 라로코 레이사 마리나 마시로 메루 미나 미네 미노리 미모리 미야코 미유 바스나 바카네 바토키 사복사야 사쿠라코 수모에 수사키 수이미 수카모 수키쿄 수후미 스미레 시로코 아루 아리스 아츠코 온나츠 이로하 이오리 이즈나 츠루기 카스미 카즈사 코하루 크나에 키쿄 히나 히비키 히후미
'24-5,13,6,11,【드히나 임시노 쿠로코 미카 수시노 와카모 수이아 히카리 드아코 마코토 수우이 운유카 미사카미코토】 / 아코 뉴요코 나츠 네루 노아 뉴루카 뉴리카 레이사 마시로 메구 메루 미사키 미야코 미유 바스나 바카네 사복사야 사야 사오리 사쿠라코 사키 세나 수노미 수모리 수카리 수후미 스미레 아루 아츠코 에이미 온구레 온나츠 온도카 온리노 운루나 유카리 응타하 이로하 이오리 카린 카에데 카즈사 코유키 코하루 크나에 크리나 키라라 키쿄 하루나 호시노 히비키 히요리
'21-6,13,6,14,【드히나 임시노 수나코 미카 수시노 와카모 수이아 수요리 드아코 수우이 수나타 수시로 수즈사】 / 아코 히마리 체리노 히나타 수칸나 가피나 니야 라로코 레이사 마리나 마키 메리스 모에 미네 미도리 미모리 미사키 미야코 바스나 사야 세나 수리카 수사키 수이미 시구레 시로코 아루 아리스 아주리 아츠코 에이미 온나츠 온도카 온리노 유카리 응타하 이로하 이오리 츠루기 츠쿠요 치히로 카에데 카호 캠타마 코유키 크나에 하루나 호시노 히나 히비키 히요리
'1-25,13,6,11,【리오 드히나 수나코 미카 수시노 와카모 수이아 수스미 세이아 교스나 수시로 바네루】 / 수로코 코코나 뉴요코 우이 슌 히나타 가피나 뉴리카 뉴즈미 라로코 렌게 마리나 마시로 마키 메도리 모에 미모리 미유 바스나 사복사야 사세나 사야 사오리 사쿠라코 세나 수이미 수카모 수후미 스미레 시로코 아루 아리스 아즈사 에이미 온나츠 온도카 온리노 우미카 운루나 유즈 이로하 이오리 이즈나 이즈미 츠쿠요 치히로 카린 카스미 카즈사 카호 코유키 코하루 크나에 키쿄 하루나 히나 히요리 히후미
'14-22,13,6,13,【리오 교네루 드히나 미카 수시노 와카모 세이아 교스나 수요리 드아코 마코토 수우이 수히나】 / 히마리 뉴요코 우이 슌 나츠 뉴루카 뉴리카 뉴카리 레이사 루미 마키 모에 미사키 미야코 미유 바스나 사오리 사쿠라코 세나 수카리 수후미 아루 아리스 아즈사 아츠코 온나츠 온도카 운루나 유즈 유카리 응토리 이로하 이오리 이즈미 츠루기 치아키 치히로 카린 카즈사 카호 칸나 캠타마 크나에 키쿄 하루나 호시노 히비키 히요리
'4-31,13,6,13,【수기사 리오 드히나 수나코 미카 와카모 히카리 세이아 드아코 뉴츠키 수즈사 바네루 수즈나】 / 캠하레 아코 히마리 우이 체리노 히나타 네루 노아 뉴루카 뉴즈미 라로코 루미 마리나 마키 메구 메모이 미네 미도리 미야코 바스나 바카네 바토키 사복사야 사야 사츠키 사키 수야코 수후미 스미레 시구레 시로코 아루 아리스 아주리 아즈사 어린슌 에이미 온도카 유즈 응타하 이로하 이오리 슌 이즈나 이즈미 츠쿠요 치리나 치모에 치히로 카에데 코하루 하루나 호시노 히나 히비키 히후미
'25-8,13,6,11,【리오 임시노 수나코 미카 수시노 와카모 수요리 드아코 마코토 수우이 수즈나 운유카 운마리】 / 히마리 슌 히나타 수칸나 나츠 네루 뉴리카 라로코 레이죠 마리나 마시로 마키 메리스 메모이 미나 미네 미도리 미모리 미야코 바스나 사야 사오리 세나 수노미 수사키 수야코 수이미 수후미 스미레 시구레 시로코 아루 아리스 아즈사 온나츠 온도카 온리노 유즈 응토리 이로하 이치카 츠루기 츠쿠요 카즈사 코하루 크나에 키쿄 하루나 호시노 히비키
'18-12,13,6,11,【수기사 드히나 수나코 미카 수시노 와카모 수요리 드아코 수즈사 수시로 바카린 수즈나】 / 아코 히마리 우이 슌 체리노 히나타 나츠 네루 뉴리카 라로코 레이사 루미 마리나 마키 미노리 미모리 바스나 바카네 바토키 사복세나 사야 사오리 사츠키 사키 수야코 수이미 수카모 스미레 아루 아리스 아즈사 에이미 온리노 운루나 유즈 유카리 이로하 이오리 이즈나 이즈미 카스미 캠타마 코유키 파우카 하루나 히나 히비키 히요리
'27-30,13,6,10,【수기사 교네루 드히나 수나코 미카 수시노 세이아 수우이 수나타 수즈나 뉴츠키 뉴아루】 / 수로코 코코나 아코 히마리 뉴요코 우이 슌 체리노 나츠 네루 뉴리카 레이사 마리나 마시로 마키 미네 미야코 바스나 사복사야 사오리 수노미 수모리 수부키 수사키 수이미 수카모 시로코 아루 아츠코 온리노 유즈 유카리 응타하 응토리 치히로 카린 코유키 키쿄 하루나 호시노 히나 히후미
'12-10,13,6,11,【수기사 교네루 드히나 임시노 수시노 와카모 세이아 수우이 운유카 수시로 수즈나 수치세 바카린】 / 수로코 캠하레 드아루 뉴요코 우이 슌 네루 노아 뉴카리 라로코 레이사 렌게 마시로 마키 메리스 미네 미노리 미도리 미유 사키 수노미 수야코 수후미 스미레 아루 아리스 아미레 아즈사 어린슌 온도카 유즈 이오리 이즈나 츠루기 치아키 치히로 카린 카스미 카에데 코유키 코하루 키라라 히비키 히요리 히후미
'18-20,13,6,10,【리오 교네루 임시노 미카 수시노 와카모 수이아 뉴후카 수요리 드아코 수시로 수즈나 수치세】 / 아코 뉴요코 체리노 히나타 나구사 네루 노아 뉴리카 드요코 레이죠 마시로 메도리 메리스 메모이 모에 미네 미도리 미사키 미야코 미유 바스나 사야 사쿠라코 사키 수리카 수모에 수부키 수카모 수후미 스미레 아리스 아즈사 아츠코 어린슌 에이미 온리노 유즈 응타하 이로하 이즈나 이즈미 츠루기 카에데 칸나 캠타마 코유키 코하루 크나에 키쿄 하루나 호시노 히비키
'15-25,12,6,10,【리오 임시노 쿠로코 수나코 수시노 와카모 수요리 드아코 운유카 수즈나 수즈사 수히나】 / 수로코 코코나 히마리 체리노 히나타 수칸나 나구사 네루 노아 뉴루카 뉴카리 마리나 마시로 마키 메구 미나 미네 미노리 미도리 미야코 바스나 바카네 사복사야 사야 사쿠라코 세나 수야코 수키쿄 스미레 시구레 시로코 아루 아리스 에이미 온나츠 유카리 응토리 이로하 이오리 이즈미 카린 카스미 카에데 카즈사 카호 칸나 크나에 크리나 하루나 히비키 히요리 히후미
'27-27,12,6,10,【드히나 임시노 수나코 미카 수시노 와카모 뉴후카 드아코 수우이 수나타 운유카】 / 코코나 아코 히마리 뉴요코 네루 노아 뉴루카 레이 레이사 렌게 루미 마리나 메구 메도리 메리스 모에 미네 미모리 미야코 바스나 사야 사쿠라코 수노미 수사키 수야코 수이미 수키쿄 수후미 아루 아츠코 어린슌 온리노 우미카운루나 유즈 이로하 이오리 이치카 치히로 카스미 카호 캠타마 크리나 키쿄 파노아 호시노 히나 히비키 히요리
'20-20,11,6,9,【교네루 드히나 임시노 미카 수시노 와카모 히카리 세이아 드아코 수즈사】 / 코코나 아코 히마리 나츠 노아 뉴루카 뉴리카 레이죠 마리나 메루 모에 미네 미노리 미사키 미유 바카네 사야 사오리 사츠키 세나 수리카 수부키 수야코 수후미 스미레 시로코 아루 아리스 아즈사 어린슌 에이미 온나츠 온도카 온리노 우미카 유즈 응타하 응토리 이로하 이오리 이즈나 츠루기 츠쿠요 치히로 카린 카호 크리나 하루나 호시노 히비키 히후미
'25-12,12,6,10,【리오 임시노 미카 수시노 와카모 수이아 임시노 수나코 세이아 수요리 나기사 수즈사】 / 코코나 아코 히마리 우이 슌 체리노 가피나 노아 뉴루카 루미 마리나 모에 메구 미노리 미도리 미모리 미사키 미야코 바스나 사복사야 사오리 수노미 수모에 수사키 스미레 시구레 아즈사 아츠코 어린슌 에이미 온도카 온리노 운루나 유즈 유카리 이즈나 츠쿠요 치아키 카에데 카즈사 카호 칸나 캠타마 크나에 크리나 하루나 히나 히비키 히요리 히후미
'21-16,12,6,10,【수기사 드히나 임시노 와카모 수나코 미카 세이아 미사카미코토 수즈사 수시로 수즈나 뉴츠키】 / 수로코 히마리 뉴요코 슌 체리노 가바키 가부키 네루 뉴즈미 라로코 레이사 마리나 마시로 마키 메리스 메모이 미나 미도리 미모리 미야코 바스나 사야 사쿠라코 사키 세나 수모리 수모에 수사키 수야코 수카모 스미레 아리스 아즈사 아츠코 에이미 온나츠 운루나 이로하 치리나 치아키 치히로 카호 파노아 하루나 히나 히비키 히요리
'24-18,12,6,9,【리오 쿠로코 수나코 미카 수시노 와카모 세이아 드아코 수우이 수나타 수즈사 운유카】 / 수로코 아코 히나타 네루 뉴루카 라로코 마시로 마키 미노리 미사키 미야코 바스나 사복사야 세나 수노미 수부키 수사키 수야코 수이미 수후미 시구레 아루 아리스 아츠코 에이미 온도카 유즈 유카리 이로하 이오리 이즈나 이즈미 이치카 츠루기 치모에 치아키 카호 코하루 크나에 크리 하루나
'12-24,12,6,9,【교네루 임시노 수나코 미카 수시노 와카모 세이아 교스나 수즈사 수시로 운마리】 / 캠하레 아코 체리노 히나타 나츠 뉴카리 마시로 마키 메구 메리스 메모이 모에 미네 미도리 미모리 미사키 미야코 사야 사키 세나 수부키 수사키 수이미 수카모 수후미 스미레 시로코 아리스 아즈사 아츠코 에이미 온나츠 온리노 유즈 응타하 이로하 이오리 이즈미 치모에 카에데 카호 캠타마 크나에 하루나 호시노 히나 히비키
'2-19,12,6,9,【교네루 드히나 수나코 미카 수시노 와카모 수이아 수스미 드아코 수우이 수즈사 운유카】 / 캠하레 네루 뉴루카 뉴리카 니야 라로코 레이사 마리나 마시로 메모이 미도리 미모리 미사키 미유 바스나 사야 사츠키 수후미 스미레 시구레 시로코 아루 아리스 아미레 아주리 아즈사 어린슌 에이미 온구레 온나츠 온리노 유즈 응타하 응토리 이로하 이오리 이즈나 이즈미 카린 카즈사 카호 칸나 코유키 코하루 크리나 키쿄 파우카 하루나 호시노 히나 히비키
'27-22,12,6,9,【수기사 교네루 수나코 미카 수시노 와카모 수이아 수요리 드아코 마코토 수우이】 / 드아루 코코나 아코 히마리 히나타 노아 뉴리카 뉴카리 렌게 마리나 메구 메루 메리스 모에 미네 미사키 바카네 바토키 사야 사오리 사키 세나 수모에 수사키 수후미 스미레 아루 아즈사 아츠코 온나츠 온도카 온리노 이로하 이즈나 츠루기 치모에 카린 카에데 칸나 캠타마 호시노 히나 히요리
'27-23,12,6,10,【수기사 드히나 임시노 수나코 수시노 와카모 수이아 수스미 세이아 수요리 수우이 토키】 / 수로코 코코나 아코 우이 체리노 히나타 나츠 노아 라로코 레이사 마리나 마시로 메도리 모에 미네 미도리 미모리 미야코 미유 바스나 바카네 바토키 수노미 수리카 수모리 수후미 시로코 아즈사 우미카 유즈 응타하 응토리 이오리 이즈나 이치카 츠쿠요 카린 카에데 카호 코유키 코하루 크나에 히비키 히후미
'27-6,12,6,11,【수기사 임시노 수나코 미카 수시노 와카모 수이아 수요리 싸오리 수우이 수즈나 수치세】 / 수로코 드아루 코코나 아코 히마리 뉴요코 우이 슌 체리노 나츠 네루 노아 라로코 레이사 렌게 마시로 마키 메루 모에 미네 미노리 미도리 미모리 미사키 바카네 사복사야 사쿠라코 사키 세나 수노미 수모에 수부키 수사키 수카모 수후미 시구레 아루 아즈사 어린슌 에이미 온구레 운루나 유즈 이로하 이즈미 카린 카에데 캠타마 코하루 크나에 크리나 하루나 호시노 히나 히비키 히후미
'6-3,11,6,11,【리오 드히나 수나코 미카 수시노 와카모 세이아 수우이 뉴아루 수즈사 바카린】 / 아코 뉴요코 체리노 히나타 가바키 가스미 나츠 네루 노아 뉴루카 라로코 레이사 루미 마리나 마시로 메구 모에 미네 미야코 바토키 사복사야 사야 사오리 사츠키 사키 세나 수모에 수사키 수이미 수카모 스미레 시로코 아츠코 어린슌 에이미 온나츠 온도카 유즈 응토리 이오리 슌 이즈나 이즈미 츠루기 츠쿠요 치모에 치히로 카호 캠타마 크리나 호시노 히비키 히요리 히후미
'9-29,11,6,9,【리오 드히나 수나코 미카 수시노 와카모 세이아 드아코 마코토 운유카 수즈사】 / 수로코 드아루 코코나 히마리 뉴요코 슌 히나타 나츠 노아 뉴리카 뉴카리 레이사 레이죠 렌게 루미 마리나 메구 미네 미도리 미모리 미사키 미유 바카네 사복사야 사복세나 사야 사키 세나 수부키 수이미 수카모 수후미 시구레 아루 아리스 어린슌 에이미 온리노 이오리 이즈나 이즈미 츠루기 츠쿠요 치아키 치히로 카린 캠타마 크나에 키쿄 하루나 히비키 히요리
'21-3,11,6,9,【수시노 와카모 임시노 드히나 수나코 미카 세이아 드아코 운유카 뉴츠키 수즈나】 / 키사키 드아루 아코 뉴요코 우이 슌 네루 뉴리카 라로코 마키 메리스 미나 미네 미도리 미사키 미야코 바토키 사복사야 사야 사오리 수모리 수모에 수카모 수키쿄 수후미 스미레 시로코 아리스 아즈사 아츠코 어린슌 에이미 온나츠 온리노 유즈 이오리 이치카 츠루기 치히로 카에데 코하루 크나에 크리나 파우카 하루나 히나 히비키 히후미
'23-8,11,6,9,【리오 드히나 임시노 쿠로코 미카 와카모 히카리 세이아 교스나 수우이 뉴츠키】 / 수로코 드아루 코코나 아코 뉴요코 슌 가피나 나츠 네루 노아 라로코 마시로 메도리 모에 미네 미노리 미도리 미모리 미사키 바스나 바토키 사복사야 사야 사오리 세나 수모리 수모에 수카리 수카모 수후미 시구레 시로코 아미레 아츠코 에이미 온구레 온나츠 온리노 유즈 유카리 이오리 이즈나 이치카 츠루기 츠쿠요 치리나 카스미 코유키 코하루 크리나 키쿄 하루나 히나 히비키 히후미
'7-15,11,6,8,【수기사 드히나 수나코 미카 수시노 와카모 노조미 운유카 수즈나 수즈사 수시로】 / 캠하레 슌 체리노 히나타 가바키 나구사 나츠 네루 니야 라로코 레이사 렌게 루미 마시로 마키 메구 메리스 미노리 미도리 사복사야 사야 수노미 수모에 수부키 수사키 수이미 수후미 스미레 시로코 아루 아리스 아미레 아즈사 아츠코 에이미 온나츠 우미카 응타하 이오리 이즈나 츠루기 츠쿠요 치모에 치히로 카에데 카호 코하루 크나에 크리나 파우카 호시노 히나 히비키 히요리 히후미 수카모
'1-21,11,6,8,【교네루 드히나 임시노 수나코 수시노 와카모 수이아 뉴후카 드아코 나기사 수즈나】 / 우이 슌 히나타 네루 뉴즈미 드오리 드요코 라로코 마리나 마키 메루 미나 미노리 미도리 미모리 바스나 사복사야 사야 사오리 사츠키 사키 수부키 수야코 수카모 수후미 스미레 시구레 시로코 아루 아리스 아즈사 아츠코 어린슌 에이미 온나츠 유즈 유카리 응토리 이로하 이오리 이즈나 이치카 츠루기 치리나 치모에 치히로 카린 카에데 크리나 파노아 호시노 히나 히비키 히요리 히후미
'7-26,11,6,8,【리오 드히나 수나코 미카 수시노 와카모 세이아 교스나 바카린 수즈나】 / 드아루 히마리 슌 체리노 가바키 나츠 네루 뉴리카 뉴즈미 뉴카리 라로코 레이사 레이죠 마리나 마시로 메리스 모에 미나 미도리 미유 사복사야 사쿠라코 수부키 수후미 스미레 시로코 아루 아리스 유즈 이오리 이즈나 츠루기 츠쿠요 카린 카에데 카호 칸나 코하루 크나에 키쿄 하루나 히나 히비키 히요리 히후미
'13-13,11,6,8,【수기사 드히나 수나코 미카 수시노 와카모 수이아 뉴후카 뉴츠키 수즈사 수즈나】 / 아코 히마리 우이 슌 체리노 히나타 가바키 뉴아루 드요코 라로코 레이사 레이죠렌게 마리나 마시로 마키 모에 미네 미도리 미모리 미사키 미야코 미유 바토키 사복사야 사야 사오리 사키 수야코 수이미 수카리 수후미 스미레 시구레 시로코 아루 어린슌 에이미 온나츠 온도카 운루나 유즈 응타하 이로하 이오리 이즈나 츠루기 츠쿠요 치히로 카린 코유키 코하루 하루나 히나 히비키 히요리 히후미
'23-17,11,6,8,【수기사 리오 임시노 미카 수시노 와카모 세이아 드아코 수우이 수즈사】 / 수로코 캠하레 아코 히마리 뉴요코 슌 체리노 네루 노아 뉴루카 라로코 마시로 메루 모에 미나 미야코 바스나 바카네 바토키 사야 사쿠라코 사키 수사키 수카리 수후미 스미레 시로코 아루 아즈사 아츠코 온리노 운루나 유카리 응토리 이오리 이치카 츠루기 츠쿠모 치아키 치히로 카린 카에데 코유키 코하루 하루나 히나 히비키 히후미
'25-14,11,6,9,【수미카 드히나 임시노 쿠로코 수시노 와카모 수스미 히카리 수요리 드아코 수즈나】 / 수로코 코코나 아코 뉴요코 우이 슌 나츠 네루 노아 뉴리카 라로코 마키 메구 메리스 미네 미노리 미모리 미사키 바스나 바카네 사키 세나 수노미 수야코 수이미 수후미 스미레 시구레 시로코 아리스 에이미 온나츠 응타하 이로하 이즈나 이치카 츠루기 치히로 카린 카에데 칸나 캠타마 코하루 키라라 파우카 하루나 히나 히비키 히요리 히후미
'26-26,11,6,9,【수미카 드히나 임시노 쿠로코 미카 수시노 수이아 뉴후카 교스나 드아코 수우이】 / 코코나 아코 뉴요코 우이 히나타 네루 뉴리카 레이사 렌게 마키 메리스 메모이 미네 미도리 바스나 바카네 사복사야 사쿠라코 수부키 수사키 수이미 수카모 수후미 아루 어린슌 에이미 온구레 온나츠 온도카 온리노 우미카 유즈 응타하 응토리 이로하 이즈미 츠쿠요 치아키 카에데 카호 캠타마 코하루 키쿄 하루나 호시노 히나 히비키 히후미
'22-5,10,6,9,【드히나 임시노 쿠로코 미카 수시노 와카모 수우이 수즈사 수즈나 바카린】 / 아코 히마리 체리노 히나타 나츠 레이죠 미네 미모리 미야코 바카네 사야 세나 수리카 수사키 수요리 수카모 수후미 스미레 시로코 아루 아리스 아즈사 어린슌 에이미 온도카 유즈 응타하 이로하 이오리 이즈나 이즈미 이치카 츠루기 치히로 카린 카즈사 카호 코유키 코하루 크리나 하루나 호시노 히비키 히후미
'26-9,10,6,10,【임시노 쿠로코 수나코 미카 수시노 와카모 히카리 세이아 수즈나 뉴후카】 / 키사키 수로코 캠하레 아코 히마리 체리노 히나타 가피나 뉴리카 레이사 레이죠 마리나 마시로 메리스 모에 미네 미미노리 미유 바스나 사오리 사츠키 사쿠라코 사키 수리카 수모리 수사키 수야코 수카모 수키쿄 시로코 아리스 아즈사 아츠코 에이미 온도카 온리노 유즈 응타하 응토리 이로하 이오리 이즈미 치히로 카즈사 캠타마 코하루 히비키 히요리 히후미
'26-4,10,6,9,【드히나 임시노 수나코 미카 수시노 와카모 세이아 드아코 수즈나】 / 수로코 캠하레 코코나 뉴요코 우이 슌 체리노 히나타 라로코 마리나 마시로 모에 미나 미도리 미모리 미사키 사오리 사키 수노미 수후미 스미레 시로코 아루 아츠코 에이미 온도카 온리노 유즈 유카리 응타하 이로하 츠루기 츠쿠요 카즈사 카호 칸나 크나에 크리나 파우카 하루나 히나 히요리 히후미
'4-26,10,6,9,【드히나 임시노 쿠로코 수나코 미카 와카모 수이아 세이아 수우이 운유카】 / 히비키 슌 하루나 가바키 나츠 네루뉴리카 라로코 루미 마시로 마키 메모이 미나 미도리 사야 세나 수노미 수이미 수카모 수후미 스미레 시구레 시로코 아츠코 어린슌 에이미 온나츠 우 미카 운루나 유즈 이로하 이즈나 체리노 츠루기 카린 카즈사 캠타마 크나에 크리나 키쿄 히나 히나타 히후미 코코나 사오리 사키 시구레 츠쿠요
'24-1,10,6,9,【수기사 리오 교네루 드히나 수나코 와카모 히카리 드아코 나기사 수즈사】 / 수로코 코코나 아코 히마리 뉴요코 우이 슌 네루 노아 뉴루카 뉴리카 마시로 마키 메구 메리스 모에 미모리 미사키 바카네 사복사야 사오리 사키 세나 수모에 수사키 수야코 수후미 스미레 시구레 시로코 아루 아리스 아주리 아즈사 아츠코 어린슌 온나츠 온리노 이로하 이오리 이즈미 이치카 츠루기 츠쿠요 치아키 치히로 카린 칸나 캠타마 코유키 호시노 히비키
'6-13,10,6,9,【리오 드히나 쿠로코 수나코 미카 수시노 운유카 뉴츠키 수즈나】 / 수로코 캠하레 아코 뉴요코 우이 슌 체리노 나츠 네루 뉴리카 마시로 마키 메루 메리스 모에 사복사야 사키 세나 수야코 수키쿄 수후미 스미레 아루 아리스 아츠코 어린슌 에이미 온도카 온리노 이오리 이즈나 츠루기 카린 카에데 캠타마 코유키 크나에 키쿄 호시노 히나 히비키 히요리
'27-15,10,6,8,【수기사 리오 수나코 미카 수시노 와카모 수이아 뉴후카 수우이 수즈나】 / 수로코 코코나 뉴요코 슌 체리노 히나타 나구사 노아 라로코 레이사 마리나 마시로 마키 메구 모에 미도리 미모리 미사키 미야코 바스나 바카네 사쿠라코 세나 수모에 수이미 수카모 수키쿄 스미레 시구레 아즈사 온구레 온나츠 온도카 온리노 응타하 이로하 이오리 이즈나 이즈미 이치카 츠쿠요 치아키 치히로 카즈사 칸나 키라라 하루나 히나 히비키 히요리 히후미
'6-15,9,6,8,【드히나 임시노 수나코 미카 수시노 와카모 드아코 수우이】 / 수로코 히마리 우이 슌 히나타 나구사 네루 노아 뉴루카 뉴리카 렌게 마리나 마시로 메루 메리스 미나 미네 미노리 미사키 미야코 바스나 사복사야 사야 사츠키 수모에 수후미 스미레 시구레 시로코 아루 아즈사 온나츠 운루나 유즈 이로하 이오리 이즈나 츠루기 치히로 카스미 코유키 크나에 하루나 호시노 히비키 히후미
'23-1,9,6,8,【리오 임시노 쿠로코 수나코 수시노 와카모 수이아 나기사 수우이】 / 수로코 아코 뉴요코 우이 슌 체리노 네루 노아 뉴리카 레이죠 렌게 루미 마리나 마시로 마키 모에 미나 미네 미도리 미모리 미사키 미유(+ 사복사야 사야 사츠키 사키 세나 수모에 수사키 수야코 시로코 아루 아리스 아츠코 어린슌 온도카 온리노 응타하 이로하 이오리 이즈미 츠루기 치히로 카린 카에데 카즈사 키쿄 하루나 호시노 히나 히비키 히요리
'24-6,9,6,8,【수기사 드히나 수나코 미카 수시노 와카모 수이아 마코토 수즈사】 / 코코나 아코 우이 슌 히나타 네루 노아 라로코 루미 마리나 마시로 마키 메구 메리스 모에 미나 미노리 미사키 미야코 바토키 사복사야 사키 수부키 수야코 시로코 아루 아즈사 아츠코 어린슌 에이미 온나츠 온리노 이로하 이오리 치히로 카에데 캠타마 코하루 하루나 호시노 히나 히후미
'25-11,8,6,9,【드히나 임시노 쿠로코 수나코 미카 수시노 드아코 수즈나】 / 수로코 코코나 아코 우이 슌 체리노 네루 노아 뉴리카 라로코 마리나 마키 메루 미도리 미사키 미유 바스나 바토키 사야 사오리 수노미 수카모 수후미 스미레 시구레 시로코 아즈사 에이미 온리노 우미카 운루나 유즈 이로하 츠루기 츠쿠요 카린 코유키 키쿄 하루나 호시노 히요리 히후미
'26-2,6,6,6,【리오 임시노 수나코 미카 수시노 와카모】 / 아코 히마리 뉴요코 슌 히나타 노아 뉴루카 뉴후카 마시로 마키 메구 모에 미나 미도리 미모리 미야코 바스나 사복사야 사야 세나 수모에 수야코 수이미 수카모 스미레 시구레 아츠코 온나츠 온리노 우미카 유카리 응타하 응토리 이로하 이즈미 체리 츠루기 치히로 카린 코유키 코하루 크나에 크리나 하루나 히요리
'21-17,15,5,8,【교네루 드히나 임시노 수시노 와카모 수이아 히카리 세이아 교스나 수요리 싸오리 수즈사 수히나 바카린 수즈나】 / 키사키 코코나 우이 슌 체리노 수칸나 나츠 네루 노아 뉴리카 뉴카리 드오리 라로코 레이사 렌게 마리나 모에 미애코 바스나 바카네 사복사야 사야 사오리 사쿠라코 수노미 수모리 수부키 수후미 시로코 아리스 아주리 아즈사 아츠코 에이미 응타하 응토리 이로하 이오리 이즈나 츠루기 치히로 칸나 캠마키 캠타마 코하루 크나에 히나 히비키
'18-17,15,5,8,【드히나 임시노 수나코 미카 와카모 수이아 수스미 히카리 뉴후카 노조미 수요리 드아코 마코토 수즈사 수시로】 / 캠하레 코코나 히마리 뉴요코 우이 체리노 히나타 수칸나 나구사 네루 노아 뉴루카 드요코 레이사 미나 미노리 미모리 미야코 바스나 바카네 사야 사키 세나 수노미 수사키 수카모 시구레 시로코 아리스 아즈사 어린슌 에이미 온나츠 유즈 응타하 이로하 이오리 이즈미 이치카 츠루기 치리나 키라라 파노아 하루나 히나 히비키
'20-8,15,5,7,【드히나 임시노 수나코 미카 수시노 수이아 수스미 뉴후카 수요리 수치세 나기사 뉴츠키 수즈나 수즈사】 / 코코나 아코 히마리 뉴요코 네루 노아 드요코 루미 마시로 마키 메구 메도리 메루 메모이 모에 미도리 미야코 미유 사야 사키 세나 수이미 수키쿄 스미레 시구레 시로코 아리스 아즈사 아츠코 온리노 우미카 유카리 응토리 이로하 이즈나 이즈미 츠루기 츠쿠요 카에데 캠타마 코유키 코하루 키쿄 하루나 호시노 히나 히후미
'19-24,14,5,8,【임시노 수나코 미카 수시노 와카모 수이아 세이아 수요리 드아코 미사카미코토 뉴츠키 바카린 수시로】 / 캠하레 드아루 코코나 아코 뉴요코 우이 슌 수칸나 노아 뉴리카 마리나 마시로 미나 미노리 미도리 미사키 미야코 미유 바스나 바카네 사키 세나 수노미 수모리 수부키 수야코 수이미 수카모 수키쿄 수후미 스미레 시구레 시로코 아루 아즈사 아츠코 에이미 온리노 운루나 유즈 유카리 이로하 이오리 치아키 카린 칸나 코유키 코하루 크리나 키쿄 호시노 히나 히후미
'13-11,14,5,7,【드히나 임시노 수나코 미카 와카모 바스나 세이아 드아코 마코토 뉴츠키 수히나 수오리 수즈나】 / 코코나 뉴요코 우이 슌 나츠 네루 라로코 루미 마시로 메모이 미나 미모리 미사키 미야코 바스나 바카네 사야 사오리 사쿠라코 사키 세나 수사키 수이미 수카모 수후미 스미레 시구레 시로코 아리스 아즈사 아츠코 어린슌 에이미 온구레 운루나 유즈 응타하 이로하 이오리 이즈나 이즈미 이치카 츠루기 카린 카스미 카에데 카즈사 칸나 크리나 하루나 호시노 히나 히비키 히요리
'20-4,14,5,8,【드히나 임시노 미카 수시노 와카모 수이아 히카리 뉴후카 수요리 싸오리 수우이 나기사 수시로 수즈사】 / 아코 체리노 나츠 네루 노아 뉴루카 뉴리카 드오리 라로코 마리나 마시로 마키 메리스 미노리 미도리 미모리 미유 사복사야 수노미 수카모 수후미 스미레 시구레 아루 아즈사 아츠코 어린슌 온도카 온리노 응타하 이로하 이즈나 이즈미 츠루기 츠쿠요 치아키 치히로 카린 카스미 캠타마 코유키 크리나 파우카 하루나 히나 히비키 히요리 히후미
'16-2,15,5,8,【드히나 수나코 미카 수시노 와카모 수이아 수스미 히카리 노조미 세이아 수요리 드아코 수우이 수즈나 바카린】 / 캠하레 히마리 체리노 나츠 네루 뉴리카 드오리 라로코 마리나 메루 모에 미네 미도리 미유 사복사야 사야 사오리 세나 수카모 스미레 아루 아리스 아미레 아즈사 어린슌 온나츠 온리노 우미카 유즈 유카리 이로하 이오리 이즈미 이치카 츠루기 치아키 치히로 카린 카호 캠타마 히나 히비키 히후미
'19-8,13,5,7,【리오 교네루 드히나 미카 와카모 수요리 드아코 마코토 수우이 수나타 수시로 수즈나 수치세】 / 아코 히마리 뉴요코 우이 슌 나츠 뉴루카 뉴리카 니야 렌게 마리나 메리스 모에 미나 미사키 미유 바스나 바카네 사야 세나 수노미 수이미 수후미 스미레 시로코 아즈사 에이미 온구레 온나츠 운루나 유즈 응토리 이오리 츠루기 츠쿠요 치리나 카린 카에데 카즈사 칸나 크리나 하루나 호시노 히나 히후미
'27-29,13,5,7,【드히나 임시노 미카 수시노 와카모 히카리 뉴후카 세이아 수요리 수우이 수즈나 수치세 운유카】 / 수로코 드아루 코코나 아코 히마리 체리노 수칸나 나츠 노아 뉴루카 뉴리카 라로코 메루 미네 미도리 미모리 미사키 미야코 미유 사복사야 사야 사키 수리카 수사키 수카리 수카모 수후미 스미레 시구레 아루 아리스 에이미 온구레 온리노 응타하 이로하 이즈나 이즈미 이치카 츠루기 카스미 카즈사 칸나 캠타마 크리나 히나 히비키 히요리 히후미
'0-9,13,5,8,【수기사 리오 쿠로코 수시노 와카모 세이아 뉴후카 나기사 싸오리 드아코 마코토 수히나 바네루】 / 아코 히마리 뉴요코 슌 체리노 나츠 네루 노아 뉴리카 뉴즈미 뉴카리 레이사 레이죠 마시로 메구 메리스 미네 미도리 미사키 미야코 사복사야 사야 사쿠라코 사키 수부키 수카모 스미레 시구레 시로코 아즈사 어린슌 온도카 온리노 운루나 유카리 이로하 이오리 이즈미 츠루기 카린 카에데 카호 칸나 코유키 코하루 크리나 키호 하루나 호시노 히나 히비키 히요리
'20-15,13,5,8,【드히나 임시노 수나코 미카 와카모 수이아 수스미 히카리 수우이 운유카 바카린 수즈사 수시로】 / 캠하레 코코나 아코 체리노 히나타 나츠 네루 노아 뉴리카 뉴카리 드요코 라로코 레이사 루미 마키 메구 메리스 모에 미사키 미야코 미유 밴나츠 사복사야 사오리 사쿠라코 사키 수노미 수리카 수사키 수야코 수후미 스미레 시구레 아미레 아즈사 아츠코 어린슌 에이미 온나츠 유즈 응타하 응토리 이즈나 이즈미 츠루기 츠쿠요 카스미 카에데 카호 크나에 하루나 호시노 히나 히비키 히후미
'24-17,13,5,8,【임시노 쿠로코 수시노 미카 와카모 세이아 수요리 드아코 수우이 수나타 운유카 수즈사】 / 캠하레 코코나 뉴요코 우이 체리노 수칸나 노아 뉴루카 뉴카리 드요코 라로코 렌게 마리나 마키 모에 미노리 미야코 바스나 사복사야 사야 사쿠라코 수리카 수사키 수카리 스미레 아리스 아츠코 에이미 온나츠 온도카 온리노 유즈 이로하 이오리 이즈나 카린 카에데 카호 코유키 코하루 크나에 키쿄 하루나 히비키
'27-7,13,5,8,【리오 교네루 미카 수시노 와카모 수이아 노조미 세이아 드아코 마코토 수즈나 수치세】 / 수로코 코코나 아코 슌 체리노 수칸나 나츠 노아 뉴루카 뉴리카 렌게 모에 미사키 바카네 바토키 사츠키 사키 세나 수리카 수사키시구레 시로코 아주리 에이미 온나츠 온리노 유즈 응토리 이로하 이오리 이치카 츠루기 치히로 카린 카스미 카에데 코유키 크나에 크리나 키라라 파우카 히후미
'19-17,13,5,8,【리오 드히나 임시노 미카 와카모 수이아 수스미 히카리 드아코 수우이 뉴츠키 수즈사 수시로】 / 아코 히마리 뉴요코 슌 나츠 네루 라로코 마시로 메구 메루 모에 미나 미야코 미유 바스나 바카네 밴나츠 수이미 수카모 스미레 시로코 아루 에이미 온나츠 우미카 유즈 응토리 이로하 이오리 이즈나 츠루기 츠쿠요 치아키 치히로 카린 카호 칸나 코유키 코하루 하루나 호시노 히요리 히후미
'24-8,13,5,8,【수미카 리오 임시노 미카 수시노 수이아 와카모 세이아 수요리 싸오리 수우이 운유카】 / 드아루 코코나 히마리 뉴요코 우이 슌 가피나 나츠 노아 뉴리카 뉴즈미 루미 마시로 마키 모에 미나 미모리 바스나 바카네 바토키 밴나츠 사복사야 사야 사오리 사키 세나 수노미 수카모 수키쿄 스미레 시구레 시로코 아루 아미레 아즈사 아츠코 에이미 온구레 온도카 온리노 유즈 응토리 이오리 이즈나 이즈미 치아키 카스미 카에데 크리나 파노아 하루나 호시노 히비키 히요리
'12-22,13,5,8,【수기사 드히나 미카 수시노 와카모 수이아 수스미 수요리 수우이 운유카 수즈사 수시로】 / 아코 히마리 뉴요코 슌 히나타 네루 뉴루카 뉴리카 니야 레이사 마리나 마시로 모에 미모리 미야코 미유 바스나 사복사야 사오리 사쿠라코 수야코 수이미 수카모 수후미 스미레 시로코 아루 아리스 아즈사 아츠코 어린슌 에이미 온나츠 온도카 유즈 응타하 이로하 이오리 이즈나 이즈미 츠루기 츠쿠요 치아키 치히로 카린 카에데 카호 칸나 크나에 크리나 키쿄 호시노
'18-26,12,5,8,【드히나 쿠로코 수나코 미카 와카모 세이아 수요리 싸오리 드아코 뉴츠키 수즈사 수오리】 / 수로코 캠하레 아코 히마리 우이 슌 히나타 가바키 네루 노아 뉴리카 드오리 라로코 루미 마키 메도리 메루 메모이 미나 미모리 미사키 미야코 바스나 바토키 사복사야 사야 사오리 사쿠라코 사키 시구레 시로코 아루 아즈사 에이미 온나츠 온도카 온리노 운루나 유즈 응타하 이로하 이오리 이즈미 이치카 츠루기 카린 카즈사 카호 코유키 코하루 크나에 파우카 하루나 호시노 히나 히비키
'22-7,12,5,7,【드히나 임시노 수나코 미카 와카모 세이아 드아코 마코토 운유카 뉴츠키 수즈사 수시로】 / 수로코 코코나 아코 우이 히나타 가바키 나츠 뉴루카 뉴리카 라로코 렌게 마키 메루 메모에 모에 미나 미모리 바스나 바토키 사복사야 사야 사쿠라코 사키 수노미 수야코 스미레 시로코 아리스 아즈사 에이미 온나츠 온도카 운루나 유즈 유카리 이로하 이오리 이즈미 치히로 카스미 카호 코하루 크리나 키쿄 하루나 호시노 히비키 히요리 히후미
'5-17,12,5,7,【리오 드히나 수나코 수시노 수이아 와카모 수우이 수즈사 수히나 수오리 수즈나 바네루】 / 수로코 아코 체리노 히나타 나츠 네루 뉴루카 뉴리카 라로코 루미 마키 메구 메리스 모에 미노리 미모리 미야코 바스나 바토키 사복사야 사야 사쿠라코 세나 수모에 아루 아즈사 에이미 온도카 운루나 유즈 응타하 이로하 이오리 이즈나 이즈미 이치카 치히로 카린 카스미 카에데 카호 칸나 코유키 크리나 하루나 호시노 히나 히비키 히요리 히후미
'18-18,12,5,7,【드히나 임시노 미카 수시노 와카모 수이아 수스미 세이아 뉴후카 교스나 뉴츠키 수즈사】 / 키사키 수로코 코코나 히마리 뉴요코 우이 슌 체리노 가피나 나츠 네루 뉴리카 뉴카리 라로코 루미 마시로 마키 메루 모에 미노리 미사키 미야코 바스나 바카네 사야 사키 세나 수모리 수부키 수이미 스미레 시구레 시로코 아루 아리스 아즈사 에이미 온나츠 온도카 온리노 우미카 유즈 응타하 이로하 이즈나 이즈미 이치카 츠루기 치리나 치아키 카에데 카즈사 칸나 코하루 크리나 키쿄 하루나 호시노 히나 히비키
'19-3,12,5,7,【리오 수나코 미카 수시노 와카모 수요리 싸오리 드아코 수우이 운유카 수즈나 수즈사】 / 아코 히마리 우이 가바키 뉴루카 마리나 마시로 메구 미나 미네 미도리 미모리 미사키 미야코 바카네 사야 사오리 사쿠라코 사키 세나 수모리 수사키 수카모 시구레 시로코 아루 아리스 아즈사 아츠코 어린슌 에이미 온나츠 온도카 온리노 이로하 이즈나 치히로 카스미 칸나 코하루 크나에 키쿄 하루나 히나 히비키 히요리 히후미
'24-15,11,5,7,【수기사 드히나 미카 수시노 와카모 수요리 세이아 수우이 수나타 수즈사】 / 수로코 히마리 우이 슌 체리노 나츠 네루 뉴리카 라로코 레이사 루미 마리나 마시로 마키 메구 모에 미네 미도리 바스나 바카네 밴나츠 사복사야 사키 수노미 수모리 수부키 수야코 수카모 수후미 스미레 시구레 시로코 아루 아즈사 어린슌 에이미 온나츠 온리노 유즈 이로하 이오리 이즈나 이즈미 츠루기 츠쿠요 치히로 카스미 카에데 카즈사 카호 코하루 키라라 키쿄 하루나 히비키 히요리
'20-25,11,5,7,【리오 쿠로코 수나코 미카 와카모 수요리 싸오리 드아코 운유카 수시로 수즈사】 / 수로코 드아루 코코나 히마리 우이 체리노 히나타 나츠 네루 뉴리카 마시로 마키 메도리 메모이 미네 미사키 미유 사복사야 사야 수노미 수모리 수사키 수카모 스미레 아루 아리스 아즈사 어린슌 에이미 온구레 온나츠 온리노 운루나 유즈 응토리 이오리 이즈미 이치카 츠루기 츠쿠요 카린 카에데 코하루 하루나 호시노 히카리
'13-34,11,5,7,【임시노 쿠로코 수나코 수시노 와카모 수이아 히카리 뉴후카 세이아 운유카 수히나】 / 키사키 코코나 아코 뉴요코 우이 슌 체리노 히나타 수칸나 네루 노아 뉴루카 뉴리카 뉴카리 드요코 마리나 미나 미네 미도리 미모리 미사키 미야코 미유 바스나 사복사야 사오리 사키 수카리 수카모 수후미 스미레 시구레 시로코 아루 아츠코 어린슌 에이미 온나츠 유즈 유카리 이로하 이오리 이즈나 이즈미 츠루기 츠쿠요 카린 카즈사 코유키 코하루 파우카 하루나 호시노 히나 히비키
'26-24,11,5,7,【드히나 미카 와카모 수이아 수나코 수시노 수요리 드아코 마코토 미사카미코토 수우이】 / 키사키 수로코 코코나 히마리 뉴요코 체리노 히나타 네루 뉴루카 레이사 메리스 모에 미나 미노리 미도리 미야코 미유 바스나 바카네 밴나츠 사야 사츠키 사쿠라코 수리카 수모에 수사키 수카모 수후미 시구레 아리스 아즈사 온구레 온나츠 온도카 온리노 응타하 이로하 이즈미 치히로 카호 칸나 크리나 키라라 하루나 히나 히비키 히후미
'15-17,11,5,7,【드히나 임시노 수나코 수시노 와카모 수이아 수요리 나기사 운유카 수즈사】 / 히마리 뉴요코 슌 체리노 히나타 가바키 네루 뉴리카 드요코 라로코 렌게 루미 마키 미도리 미모리 미유 바스나 바카네 사복사야 사츠키 사쿠라코 수노미 수모에 스미레 아리스 아츠코 어린슌 에이미 온구레 온나츠 온도카 온리노 유즈 응타하 이로하 이오리 츠루기 츠쿠요 치히로 카린 카에데 카즈사 크나에 키쿄 하루나 히나 히비키
'10-9,11,5,7,【수기사 드히나 미카 수시노 와카모 수요리 드아코 마코토 수우이 운유카 뉴츠키】 / 히마리 뉴요코 슌 체리노 히나타 나츠 노아 뉴루카 뉴리카 라로코 레이사 마시로 마키 메도리 메루 메모이 모에 미네 미노리 미사키 미야코 사야 사쿠라코 수노미 수모리 스미레 시구레 시로코 아루 아즈사 온나츠 온도카 유즈 이노리 이로하 이오리 이즈미 츠루기 카린 카스미 카즈사 히비키 히요리 히후미
'11-25,11,5,8,【드히나 임시노 미카 수시노 와카모 세이아 뉴후카 수우이 수나타 수즈사】 / 수로코 아코 히마리 우이 슌 체리노 나츠 네루 라로코 마리나 마시로 메루 모에 미나 미야코 바스나 사복사야 사야 사오리 사키 수리카 수야코 수이미 수후미 스미레 시로코 아리스 아주리 아츠코 어린슌 에이미 온나츠 온리노 유즈 유카리 이로하 이오리 이즈나 이즈미 츠루기 츠쿠요 치히로 카린 카에데 캠타마 코하루 크나에 크리나 하루나 호시노 히나 히비키 히후미
'27-24,11,5,8,【교네루 드히나 임시노 수나코 수시노 수요리 수우이 수나타 운유카 드아코】 / 수로코 코코나 히마리 우이 슌 체리노 히나타 가바키 노아 메구 메루 미노리 미도리 미야코 미유 바토키 사야 사오리 사키 세나 수리카 수모에 수카모 스미레 시로코 아루 아리스 아츠코 에이미 온도카 온리노 유카리 이오리 이즈나 이즈미 츠루기 츠쿠요 치히로 카린 카에데 카즈사 칸나 캠마키 캠타마 코유키 코하루 크나에 크리나 파노아 호시노
'20-21,10,5,8,【리오 드히나 수나코 미카 와카모 세이아 운유카 수우이 바카린 수즈사】 / 수로코 코코나 히마리 뉴요코 우이 슌 체리노 나츠 네루 뉴리카 뉴아루 라로코 루미 마리나 마키 메루 미도리 미모리 미유 바스나 바토키 사야 사오리 사쿠라코 사키 수야코 수후미 스미레 시로코 시오리 아주리 아츠코 온나츠 온리노 유즈 이오리 이즈나 이치카 츠루기 츠쿠요 치리나 치히로 카호 크나에 키쿄 파노아 호시노 히나 히비키
'27-8,10,5,7,【드히나 임시노 미카 수시노 와카모 수이아 세이아 수우이 수즈나 수치세】 / 아코 히마리 뉴요코 우이 슌 체리노 히나타 네루 노아 뉴루카 뉴리카 드요코 라로코 루미 마리나 마시로 마키 메루 미노리 미사키 미야코 미유 바카네 사복세나 사야 사오리 사츠키 사키 수노미 수모에 수부키 수야코 수카모 수후미 스미레 시구레 시로코 아루 아리스 아즈사 에이미 온나츠 온도카 유카리 응타하 이즈미 츠루기 치리나 카린 카스미 크나에 크리나 키쿄 파노아 호시노 히후미
'23-2,9,5,6,【리오 드히나 임시노 수시노 와카모 수이아 수요리 드아코】 / 캠하레 드아루 히마리 뉴요코 슌 체리노 나츠 노아 뉴루카 라로코 마리나 마키 모에 미모리 미야코 바스나 밴나츠 사복사야 사야 사쿠라코 사키 수노미 수모에 수카모 시로코 아리스 아즈사 에이미 온나츠 온도카 유즈 유카리 이로하 이오리 이즈나 이즈미 츠루기 치히로 카린 카즈사 크나에 파노아 하루나 히비키 히요리
'17-22,9,5,6,【임시노 수나코 미카 수시노 와카모 수이아 수우이 운유카 수즈나】 / 수로코 슌 체리노 나구사 나츠 뉴카리 드오리 마시로 마키 메구 미네 미노리 미도리 미모리 바카네 바토키 사오리 사츠키 사쿠라코 세나 수야코 수이미 수키쿄 시로코 아루 아리스 아즈사 어린슌 에이미 온나츠 온도카 유즈 이로하 이오리 이즈나 츠루기 츠쿠요 치히로 카린 카에데 카즈사 캠타마 코하루 크나에 키라라 파우카 호시노 히나 히비키 히요리
'17-25,9,5,6,【리오 교네루 드히나 수나코 와카모 수이아 세이아 뉴후카 수우이】 / 수로코 드아루 코코나 히마리 뉴요코 우이 슌 체리노 히나타 네루 뉴루카 뉴리카 라로코 레이사 레이죠 렌게 마시로 메루 미네 미도리 미모리 미사키 미유 바스나 사복사야 사오리 사쿠라코 사키 수사키 수후미 스미레 시구레 시로코 아리스 아즈사 아츠코 어린슌 에이미 온나츠 온도카 온리노 유즈 응타하 이즈미 츠쿠요 치리나 치아키 치히로 칸나 캠타마 코하루 키쿄 히비키 히후미
'26-12,9,5,7,【리오 드히나 임시노 수나코 미카 수스미 세이아 수요리 드아코】 / 키사키 수로코 드아루 뉴요코 슌 네루 뉴리카 뉴카리 라로코 레이 마리나 마키 메루 미네 미노리 미도리 미사키 미야코 사복사야 세나 수노미 수리카 수모리 수부키 수야코 수카모 시구레 시로코 아루 아리스 아미레 에이미 온도카 유즈 유카리 이로하 이즈미 츠쿠요 치아키 치히로 카린 카에데 카호 호시노 히나 히비키 히요리
'5-10,9,5,6,【리오 교네루 임시노 수시노 와카모 수스미 수우이 수즈사】 / 캠하레 코코나 아코 히마리 우이 슌 체리노 가피나 나츠 노아 뉴즈미 마시로 마키 메구 메리스 모에 미나 미도리 미야코 사야 세나 수리카 수모리 수이미 수후미 스미레 시구레 시로코 아루 아리스 아즈사 아츠코 어린슌 에이미 유즈 유카리 응타하 이오리 이즈나 이즈미 츠루기 치리나 치히로 카에데 카즈사 칸나 캠타마 크나에 하루나 호시노 히비키 히요리 히후미
'26-5,8,5,6,【드히나 임시노 미카 수시노 와카모 히카리 세이아 수우이】 / 코코나 아코 슌 히나타 노아 뉴리카 니야 루미 마시로 마키 메리스 미유 바카네 바토키 사쿠라코 세나 수사키 수이미 수후미 스미레 시로코 에이미 온나츠 온리노 유즈 응토리 이로하 이오리 이즈나 이치카 치아키 카호 코하루 크나에 키라라 키쿄 파노아 호시노 히비키 히요리
'10-1,7,5,7,【드히나 임시노 쿠로코 수시노 와카모 수요리 드아코】 / 키사키 캠하레 히마리 뉴요코 우이 슌 네루 노아 라로코 레이사 마키 메리스 모에 미도리 미모리 미야코 미유 바스나 사복사야 사야 사쿠라코 사키 세나 수노미 수모리 수야코 수카모 수후미 스미레 시구레 시로코 아리스 아즈사 아츠코 에이미 유즈 유카리 응타하 응토리 이즈나 츠루기 치히로 카린 카즈사 캠타마 코유키 코하루 하루나 호시노 히나 히비키 히후미
'7-3,6,5,5,【드히나 쿠로코 미카 수시노 와카모 수우이】 / 수로코 아코 히마리 뉴요코 우이 수칸나 네루 노아 뉴루카 라로코 마시로 메구 미나 미네 미도리 미모리 미야코 바카네 바토키 사야 사쿠라코 사키 세나 수카모 스미레 아츠코 어린슌 유카리 이즈미 이치카 치히로 카린 코하루 하루나 호시노 히비키 히후미
'22-3,16,4,6,【드히나 미카 수시노 와카모 수요리 싸오리 드아코 마코토 수우이 나기사 수즈나 수치세 뉴츠키 수즈사 수나타】 / 코코나 아코 히마리 뉴요코 슌 체리노 수칸나 나츠 네루 라로코 렌게 마리나 마시로 마키 메도리 미나 미도리 미사키 바스나 바카네 사복사야 사야 수부키 시구레 아즈사 아츠코 어린슌 온도카 운루나 유즈 이로하 이오리 이즈나 츠루기 카린 카에데 칸나 코하루 크나에 키쿄 하루나 히비키 히요리
'20-27,13,4,5,【임시노 수나코 미카 수시노 수스미 세이아 미사카미코토 수요리 싸오리 운유카 수즈사 수시로 수히나】 / 수로코 아코 히마리 우이 슌 네루 뉴루카 라로코 마리나 마시로 메루 모에 미네 미도리 바스나 바토키 사야 사쿠라코 세나 수카리 수후미 스미레 시구레 시로코 아루 아미레 아즈사 어린슌 온나츠 유즈 응타하 응토리 이로하 이즈나 이즈미 츠루기 카린 카에데 캠타마 코코나 코유키 크나에 키쿄 하루나 호시노 히비키 히요리 히후미
'21-7,13,4,5,【임시노 와카모 수이아 드히나 수시노 수요리 드아코 나기사 수즈나 운마리 뉴츠키 수즈사 수히나】 / 아코 우이 히나타 나츠 네루라로코 노아 레이사 마시로 마키 메구 메리스 미나 바스나 바카네 바토키 사복사야 사야 사오리 사키 세나 수사키 수야코 스미레 시구레 시로코 아리스 에이미 온구레 온도카 온리노 응타하 카린 카에데 코하루 하루나 히나 히비키 히후미
'27-26,12,4,5,【리오 와카모 미카 수시노 세이아 교스나 수요리 싸오리 드아코 마코토 나기사 운유카】 / 코코나 히마리 체리노 가바키 나츠 노아 뉴루카 니야 라로코 레이사 메구 메도리 메모이 모에 미나 미네 미사키 미야코 미유 사야 사츠키 사키 아루 아츠코 온구레 온나츠 온도카 온리노 우미카 유즈 유카리 이로하 이오리 이즈미 츠루기 츠쿠요 치히로 카즈사 코하루 크리나 파노아 히나 히비키 히요리
'0-1,11,4,5,【드히나 임시노 수나코 수시노 세이아 수요리 운유카 수즈나 수치세 수히나 바네루】 / 캠하레 아코 뉴요코 우이 슌 체리노 뉴루카 뉴리카 드요코 레이사 렌게 마시로 메리스 메모이 미도리 미야코 미유 바스나 사복사야 사키 세나 스미레 시로코 아루 아리스 아미레 에이미 온나츠 온리노 우미카 유즈 응타하 이오리 이즈미 츠루기 츠쿠요 치히로 카린 카호 칸나 코하루 호시노 히나 히비키 히요리 히후미
'3-25,11,4,5,【드히나 수나코 미카 와카모 수우이 뉴츠키 운유카 수시로 수히나 수오리 수즈나】 / 아코 히마리 슌 체리노 나츠 라로코 마시로 마키 메리스 미도리 미모리 미사키 미야코 사복사야 수노미 수사키 수카모 스미레 시로코 아루 아즈사 어린슌 에이미 온나츠 이로하 츠루기 치히로 카린 카호 칸나 크나에 하루나 히나 히비키 히요리 히후미
'9-4,11,4,5,【드히나 수나코 미카 와카모 수요리 싸오리 수우이 나기사 뉴츠키 수히나 수즈나】 / 수로코 히마리 슌 체리노 수칸나 나츠 네루 뉴리카 드요코 라로코 레이사 렌게 루미 마키 미네 미모리 미야코 미유 바스나 밴나츠 사복사야 사야 사오리 사쿠라코 세나 수후미 스미레 시구레 아루 어린슌 온구레 온도카 유즈 응타하 이오리 이즈나 이즈미 츠루기 치리나 치아키 치히로 카에데 코유키 코하루 하루나 호시노 히나 히비키 히후미
'3-16,10,4,5,【드히나 수나코 미카 수시노 뉴후카 수요리 수우이 수나타 수즈사 바네루】 / 코코나 아코 히마리 뉴요코 슌 체리노 히나타 노아 뉴리카 마리나 마시로 마키 메구 모에 미나 미모리 미사키 미야코 미유 바토키 사야 사키 수노미 수리카 수카리 수카모 스미레 시구레 아루 아즈사 아츠코 에이미 온도카 온리노 운루나 유즈 유카리 이로하 이오리 이즈나 이즈미 츠루기 치히로 카린 카에데 하루나 호시노 히나 히후미
'13-4,10,4,5,【리오 쿠로코 수시노 와카모 수이아 뉴후카 교스나 뉴츠키 수히나 수치세】 / 수로코 캠하레 뉴요코 우이 슌 체리노 수칸나 나츠 네루 노아 뉴루카 뉴리카 라로코 루미 마리나 마시로 마키 메루 미노리 미도리 미모리 바스나 사복사야 사오리 세나 수노미 수야코 수이미 수카리 수카모 수키쿄 수후미 시구레 아루 아리스 아즈사 어린슌 온리노 우미카 운루나 유즈 응타하 응토리 이로하 이오리 이치카 츠루기 츠쿠요 치히로 카린 카즈사 카호 코하루 크나에 히나 히비키 히요리 히후미
'7-4,9,4,5,【임시노 수나코 수시노 와카모 드아코 수우이 수즈사 바카린 수치세】 / 아코 히마리 우이 슌 히나타 뉴리카 마시로 미네 바스나 사쿠라코 세나 수이미 수후미 스미레 시구레 아루 아리스 아즈사 어린슌 에이미 온나츠 온리노 유즈 응타하 이오리 이즈나 이즈미 츠루기 츠쿠요 카린 카호 칸나 캠타마 코하루 하루나 히나 히요리
'26-17,9,4,5,【드히나 임시노 미카 와카모 수요리 싸오리 수즈나 수치세 운유카】 / 아코 히마리 뉴요코 나츠 노아 라로코 메루 모에 바스나 사복사야 사야 사오리 세나 수노미 수카모 수후미 스미레 시구레 시로코 아루 아즈사 온도카 온리노 이로하 츠쿠요 치히로 카린 칸나 크나에 크리나 히비키 히요리 히후미
'9-14,9,4,6,【드히나 미카 수시노 와카모 수이아 드아코 운유카 수즈사 수즈나】 / 수로코 히마리 뉴요코 우이 슌 체리노 히나타 수칸나 나츠 라로코 레이사 메구 메루 모에 미네 미노리 미사키 미야코 바카네 바토키 수노미 수사키 수카리 시구레 아즈사 어린슌 에이미 온나츠 온도카 온리노 유즈 응타하 이오리 이즈나 이즈미 이치카 츠루기 츠쿠요 치아키 카스미 카에데 칸나 하루나 히비키 히후미
'17-9,8,4,5,【드히나 미카 수시노 와카모 드아코 운유카 바카린 바네루】 / 히마리 우이 슌 히나타 나츠 네루 노아 뉴루카 뉴리카 루미 마리나 마시로 마키 미도리 미모리 미유 바스나 사복사야 사키 세나 수모리 수사키 수후미 아리스 아즈사 에이미 온도카 온리노 응토리 이오리 이즈미 이치카 카린 카에데 카즈사 코하루 호시노 히비키
'18-7,7,4,5,【드히나 미카 수시노 와카모 드아코 마코토 운유카】 / 코코나 아코 뉴요코 우이 슌 체리노 나츠 네루 라로코 마키 메구 미도리 미야코 미유 바스나 사복사야 사야 세나 수후미 스미레 아루 아리스 아즈사 아츠코 어린슌 에이미 온나츠 온도카 온리노 이오리 이즈미 카린 카에데 카즈사 칸나 코유키 코하루 크리나 키쿄 하루나 호시노 히나 히비키
'10-19,6,4,5,【수나코 미카 수시노 와카모 수우이 수즈나】 / 아코 슌 체리노 히나타 노아 라로코 마키 미나 미노리 미유 사야 사오리 수후미 스미레 시구레 시로코 아루 아리스 에이미 온나츠 응타하 이로하 이오리 이즈나 카린 카에데 코하루 히비키 히요리
